Time,RT5M_AVG_LMP,DAM_LMP
2022-10-17 00:00:00,72.00162666666667,71.35753
2022-10-17 01:00:00,66.541725,66.63932
2022-10-17 02:00:00,65.45988833333332,66.45573
2022-10-17 03:00:00,61.904599166666664,66.6623
2022-10-17 04:00:00,71.94521,66.9472
2022-10-17 05:00:00,78.97286,74.91253
2022-10-17 06:00:00,84.13478833333333,88.36696
2022-10-17 07:00:00,86.908665,86.66299
2022-10-17 08:00:00,51.51783916666667,61.45107
2022-10-17 09:00:00,25.277675,49.71991
2022-10-17 10:00:00,20.3958275,49.21419
2022-10-17 11:00:00,23.25589666666667,48.33773
2022-10-17 12:00:00,23.136711666666667,45.01844
2022-10-17 13:00:00,23.532004999999998,47.95447
2022-10-17 14:00:00,30.091058333333333,53.40509
2022-10-17 15:00:00,33.140994166666665,58.54174
2022-10-17 16:00:00,60.16254,72.671
2022-10-17 17:00:00,82.64262833333333,91.58479
2022-10-17 18:00:00,85.89804249999999,106.47749
2022-10-17 19:00:00,87.9517575,93.81815
2022-10-17 20:00:00,85.69840333333333,89.36524
2022-10-17 21:00:00,90.59320083333334,88.25197
2022-10-17 22:00:00,86.95122166666665,83.99439
2022-10-17 23:00:00,79.39890083333333,80.07298
2022-10-18 00:00:00,91.24391666666668,79.82582
2022-10-18 01:00:00,87.50496833333334,73.4997
2022-10-18 02:00:00,77.89413833333333,70.79393
2022-10-18 03:00:00,75.4393025,70.9
2022-10-18 04:00:00,84.86706666666667,75.12384
2022-10-18 05:00:00,92.93010416666668,82.08136
2022-10-18 06:00:00,101.09148916666668,90.91926
2022-10-18 07:00:00,80.48388666666666,86.17031
2022-10-18 08:00:00,34.8825725,60.99991
2022-10-18 09:00:00,12.794411666666667,53.03464
2022-10-18 10:00:00,24.400202500000002,48.54482
2022-10-18 11:00:00,36.20937416666667,49.16212
2022-10-18 12:00:00,53.72812166666666,49.97479
2022-10-18 13:00:00,53.389035,55.82393
2022-10-18 14:00:00,54.774952500000005,62.92548
2022-10-18 15:00:00,56.8669325,69.76572
2022-10-18 16:00:00,67.793765,80.95799
2022-10-18 17:00:00,84.079905,108.9462
2022-10-18 18:00:00,93.46408583333334,138.04594
2022-10-18 19:00:00,89.0138925,105.56098
2022-10-18 20:00:00,91.2587125,95.2795
2022-10-18 21:00:00,95.8636925,94.34795
2022-10-18 22:00:00,90.55149999999999,86.47342
2022-10-18 23:00:00,85.6334475,83.81117
2022-10-19 00:00:00,79.71470583333333,83.66
2022-10-19 01:00:00,80.81899750000001,79.83306
2022-10-19 02:00:00,71.41071749999999,75.2978
2022-10-19 03:00:00,65.68184166666667,74.84944
2022-10-19 04:00:00,69.89753166666667,77.03771
2022-10-19 05:00:00,78.21353333333333,82.70505
2022-10-19 06:00:00,85.19795416666666,93.00394
2022-10-19 07:00:00,97.67924749999999,96.0
2022-10-19 08:00:00,70.32845999999999,72.44
2022-10-19 09:00:00,65.57795416666666,78.38893
2022-10-19 10:00:00,105.0828125,78.04303
2022-10-19 11:00:00,96.11140416666666,84.2195
2022-10-19 12:00:00,103.37137333333334,86.05292
2022-10-19 13:00:00,141.01558333333335,97.16215
2022-10-19 14:00:00,137.75771416666666,96.0
2022-10-19 15:00:00,132.26353416666666,109.44428
2022-10-19 16:00:00,237.49563833333332,116.98685
2022-10-19 17:00:00,268.0804841666667,151.40787
2022-10-19 18:00:00,127.89919583333334,188.56667
2022-10-19 19:00:00,109.62801166666667,130.47289
2022-10-19 20:00:00,89.39910250000001,112.28478
2022-10-19 21:00:00,89.24579666666666,104.44267
2022-10-19 22:00:00,77.26229583333334,95.03316
2022-10-19 23:00:00,69.877055,89.99506
2022-10-20 00:00:00,67.79165416666667,78.38615
2022-10-20 01:00:00,67.65845666666667,72.77374
2022-10-20 02:00:00,61.19880333333333,69.93134
2022-10-20 03:00:00,60.645652500000004,67.98849
2022-10-20 04:00:00,62.8037875,69.12094
2022-10-20 05:00:00,70.47794333333333,76.98034
2022-10-20 06:00:00,85.80627666666668,87.14752
2022-10-20 07:00:00,83.12607416666667,87.60867
2022-10-20 08:00:00,61.57251333333334,73.74859
2022-10-20 09:00:00,45.73730666666666,74.82406
2022-10-20 10:00:00,42.309718333333336,69.68876
2022-10-20 11:00:00,49.56276833333334,81.07612
2022-10-20 12:00:00,52.6351125,79.24324
2022-10-20 13:00:00,73.81779416666667,86.06486
2022-10-20 14:00:00,88.89920583333333,89.6001
2022-10-20 15:00:00,88.74122999999999,103.37681
2022-10-20 16:00:00,91.59112,120.38504
2022-10-20 17:00:00,97.41346,122.0
2022-10-20 18:00:00,86.3347875,130.55238
2022-10-20 19:00:00,81.05059250000001,107.93859
2022-10-20 20:00:00,82.99881333333333,97.15416
2022-10-20 21:00:00,78.70021333333334,92.79114
2022-10-20 22:00:00,73.47114666666667,82.63131
2022-10-20 23:00:00,64.30161083333333,74.52516
2022-10-21 00:00:00,61.42603333333333,69.67803
2022-10-21 01:00:00,59.34441916666666,60.0616
2022-10-21 02:00:00,54.596745,55.83861
2022-10-21 03:00:00,52.030825,55.39267
2022-10-21 04:00:00,56.717375000000004,56.74628
2022-10-21 05:00:00,61.2326325,60.89424
2022-10-21 06:00:00,77.32651916666667,77.72332
2022-10-21 07:00:00,83.62492166666667,77.81206
2022-10-21 08:00:00,43.483517500000005,53.28702
2022-10-21 09:00:00,27.362314166666668,46.52445
2022-10-21 10:00:00,19.555695,43.50298
2022-10-21 11:00:00,18.526642499999998,42.53025
2022-10-21 12:00:00,33.1003475,47.12639
2022-10-21 13:00:00,35.78816666666666,48.70829
2022-10-21 14:00:00,41.95807583333333,49.98844
2022-10-21 15:00:00,46.265665000000006,54.68606
2022-10-21 16:00:00,56.77288583333333,60.67529
2022-10-21 17:00:00,67.02859666666667,79.89579
2022-10-21 18:00:00,73.11828166666666,89.53873
2022-10-21 19:00:00,63.23074333333333,82.89022
2022-10-21 20:00:00,63.285599166666664,73.95255
2022-10-21 21:00:00,62.9878725,70.8332
2022-10-21 22:00:00,72.77798750000001,66.46239
2022-10-21 23:00:00,48.496069166666665,61.48222
2022-10-22 00:00:00,37.04708416666667,54.81675
2022-10-22 01:00:00,48.62219083333333,52.39
2022-10-22 02:00:00,37.2190275,47.9073
2022-10-22 03:00:00,35.68770916666667,46.41363
2022-10-22 04:00:00,35.56408833333334,46.95625
2022-10-22 05:00:00,45.13309,51.05933
2022-10-22 06:00:00,51.613843333333335,58.50142
2022-10-22 07:00:00,39.124405833333334,55.71251
2022-10-22 08:00:00,18.346041666666668,39.53339
2022-10-22 09:00:00,6.197775833333334,29.35557
2022-10-22 10:00:00,8.430468333333332,25.32506
2022-10-22 11:00:00,7.7209433333333335,26.79
2022-10-22 12:00:00,1.6647891666666668,22.69166
2022-10-22 13:00:00,5.360383333333334,23.37776
2022-10-22 14:00:00,18.171580000000002,23.45071
2022-10-22 15:00:00,32.16816166666667,29.36354
2022-10-22 16:00:00,43.880044166666664,40.21
2022-10-22 17:00:00,56.11533916666667,60.00961
2022-10-22 18:00:00,59.16222416666667,66.54
2022-10-22 19:00:00,46.159039166666666,66.36706
2022-10-22 20:00:00,47.977332499999996,62.36961
2022-10-22 21:00:00,50.84896416666667,60.25174
2022-10-22 22:00:00,48.98713083333333,57.2305
2022-10-22 23:00:00,41.00015,54.42387
2022-10-23 00:00:00,37.41582333333333,50.67
2022-10-23 01:00:00,38.93089166666667,48.74274
2022-10-23 02:00:00,34.05283416666666,46.94421
2022-10-23 03:00:00,34.85546083333333,44.75565
2022-10-23 04:00:00,35.358785833333336,45.09075
2022-10-23 05:00:00,35.72939,47.34502
2022-10-23 06:00:00,62.099745000000006,53.21379
2022-10-23 07:00:00,125.76040583333332,44.94826
2022-10-23 08:00:00,12.87053,32.53395
2022-10-23 09:00:00,0.8913733333333335,16.18594
2022-10-23 10:00:00,-2.190411666666667,10.9987
2022-10-23 11:00:00,-6.6498175,9.83259
2022-10-23 12:00:00,-8.941299166666667,9.48145
2022-10-23 13:00:00,-9.118423333333334,9.38502
2022-10-23 14:00:00,-5.982135833333333,9.51744
2022-10-23 15:00:00,-2.4427983333333336,15.45806
2022-10-23 16:00:00,10.982699166666668,33.56558
2022-10-23 17:00:00,57.75637333333333,63.21693
2022-10-23 18:00:00,70.7742525,69.75793
2022-10-23 19:00:00,66.88016416666666,71.56547
2022-10-23 20:00:00,72.62882,68.93091
2022-10-23 21:00:00,76.62577,65.87046
2022-10-23 22:00:00,69.19511416666667,63.2253
2022-10-23 23:00:00,42.728070833333334,59.91542
2022-10-24 00:00:00,49.70220750000001,51.34677
2022-10-24 01:00:00,47.41181583333333,51.45407
2022-10-24 02:00:00,47.732782500000006,49.19637
2022-10-24 03:00:00,52.022935,49.78011
2022-10-24 04:00:00,58.7731975,56.08438
2022-10-24 05:00:00,65.3334,62.37911
2022-10-24 06:00:00,76.26355166666667,74.94465
2022-10-24 07:00:00,111.84117250000001,62.89194
2022-10-24 08:00:00,21.441104166666666,47.6912
2022-10-24 09:00:00,3.548709166666667,28.51
2022-10-24 10:00:00,11.021319166666666,23.38973
2022-10-24 11:00:00,3.0519308333333335,22.49906
2022-10-24 12:00:00,1.6592516666666668,22.08054
2022-10-24 13:00:00,-0.9902016666666666,24.85191
2022-10-24 14:00:00,-1.24783,26.03994
2022-10-24 15:00:00,-0.9755716666666667,37.03528
2022-10-24 16:00:00,33.37181916666666,47.85782
2022-10-24 17:00:00,68.5554,70.69291
2022-10-24 18:00:00,66.92280333333333,83.99834
2022-10-24 19:00:00,62.12936083333333,79.4263
2022-10-24 20:00:00,59.3637625,73.18612
2022-10-24 21:00:00,52.68418416666666,70.90608
2022-10-24 22:00:00,56.592617499999996,65.04856
2022-10-24 23:00:00,53.402606666666664,62.17677
2022-10-25 00:00:00,51.32639416666667,59.63551
2022-10-25 01:00:00,46.95052666666667,53.71795
2022-10-25 02:00:00,45.70836333333333,52.78161
2022-10-25 03:00:00,46.22011333333333,52.3184
2022-10-25 04:00:00,50.462400833333334,58.66596
2022-10-25 05:00:00,53.977765833333336,63.44659
2022-10-25 06:00:00,66.81609999999999,75.87767
2022-10-25 07:00:00,74.8408575,72.00644
2022-10-25 08:00:00,23.839335000000002,50.98
2022-10-25 09:00:00,9.850513333333334,30.64372
2022-10-25 10:00:00,10.138974166666666,24.3775
2022-10-25 11:00:00,7.215898333333333,22.26889
2022-10-25 12:00:00,7.1282008333333335,24.1206
2022-10-25 13:00:00,1.4819733333333331,23.19868
2022-10-25 14:00:00,-0.9579183333333333,27.08689
2022-10-25 15:00:00,0.5810308333333333,33.35158
2022-10-25 16:00:00,28.746713333333332,48.04386
2022-10-25 17:00:00,75.55040749999999,71.40868
2022-10-25 18:00:00,70.57509083333333,81.67492
2022-10-25 19:00:00,67.2544325,78.82486
2022-10-25 20:00:00,67.36588333333333,72.34157
2022-10-25 21:00:00,68.7738775,70.88276
2022-10-25 22:00:00,57.8241275,66.14599
2022-10-25 23:00:00,52.138601666666666,57.22037
2022-10-26 00:00:00,53.69526083333333,56.7581
2022-10-26 01:00:00,50.21432583333333,54.66272
2022-10-26 02:00:00,50.47268916666667,53.09211
2022-10-26 03:00:00,50.94852916666667,52.9576
2022-10-26 04:00:00,55.90805833333334,56.25511
2022-10-26 05:00:00,57.69725416666666,61.82529
2022-10-26 06:00:00,64.63824416666667,72.81153
2022-10-26 07:00:00,53.60823333333334,65.63614
2022-10-26 08:00:00,36.025350833333334,40.75737
2022-10-26 09:00:00,3.9116866666666668,23.50607
2022-10-26 10:00:00,0.053524999999999934,20.3867
2022-10-26 11:00:00,0.6402566666666667,18.76723
2022-10-26 12:00:00,-0.6670625,16.94033
2022-10-26 13:00:00,2.041913333333333,15.92623
2022-10-26 14:00:00,2.0522941666666665,19.06288
2022-10-26 15:00:00,3.227043333333333,28.24222
2022-10-26 16:00:00,34.99664,49.15818
2022-10-26 17:00:00,62.099403333333335,71.13568
2022-10-26 18:00:00,63.038625,83.80089
2022-10-26 19:00:00,55.13912166666666,79.64171
2022-10-26 20:00:00,52.6418725,70.84491
2022-10-26 21:00:00,53.778301666666664,70.15758
2022-10-26 22:00:00,50.593357499999996,64.35764
2022-10-26 23:00:00,45.83954083333333,59.74223
2022-10-27 00:00:00,48.21445416666666,51.2143
2022-10-27 01:00:00,44.46874833333334,49.91701
2022-10-27 02:00:00,44.75025,50.36254
2022-10-27 03:00:00,47.21030666666667,51.03076
2022-10-27 04:00:00,51.6076675,54.32256
2022-10-27 05:00:00,56.04694333333333,65.337
2022-10-27 06:00:00,62.89967333333333,77.95
2022-10-27 07:00:00,66.16209583333334,75.78751
2022-10-27 08:00:00,72.65462416666666,51.94316
2022-10-27 09:00:00,98.54523416666666,35.62556
2022-10-27 10:00:00,65.2687975,28.52443
2022-10-27 11:00:00,58.466454999999996,24.64521
2022-10-27 12:00:00,73.2621825,30.72314
2022-10-27 13:00:00,80.32735916666667,23.35203
2022-10-27 14:00:00,29.80592083333333,26.82055
2022-10-27 15:00:00,10.767015833333334,35.42658
2022-10-27 16:00:00,43.037311666666675,54.94182
2022-10-27 17:00:00,81.34427083333334,77.73507
2022-10-27 18:00:00,73.9114475,86.6011
2022-10-27 19:00:00,69.80519916666667,82.41448
2022-10-27 20:00:00,72.14119333333333,78.38312
2022-10-27 21:00:00,73.48821666666667,77.17194
2022-10-27 22:00:00,74.65048333333333,73.31885
2022-10-27 23:00:00,59.60618416666667,63.33102
2022-10-28 00:00:00,62.03670916666667,63.94428
2022-10-28 01:00:00,58.293665833333336,59.32422
2022-10-28 02:00:00,54.564575,58.16124
2022-10-28 03:00:00,52.79538083333333,57.69611
2022-10-28 04:00:00,61.87357,59.29183
2022-10-28 05:00:00,70.62651416666667,67.19
2022-10-28 06:00:00,76.51584916666667,77.36401
2022-10-28 07:00:00,73.23080833333334,72.57139
2022-10-28 08:00:00,45.32237083333334,50.91138
2022-10-28 09:00:00,23.78918416666667,40.516
2022-10-28 10:00:00,16.938640833333334,33.3943
2022-10-28 11:00:00,22.479664166666666,33.59889
2022-10-28 12:00:00,20.1960975,36.04924
2022-10-28 13:00:00,35.186910833333336,38.97619
2022-10-28 14:00:00,48.05317416666667,40.95361
2022-10-28 15:00:00,59.5779075,49.99124
2022-10-28 16:00:00,74.46377333333334,61.19919
2022-10-28 17:00:00,71.1528675,83.41684
2022-10-28 18:00:00,73.29198416666667,88.94754
2022-10-28 19:00:00,65.10526833333334,84.0457
2022-10-28 20:00:00,66.50006916666666,82.15994
2022-10-28 21:00:00,74.98316166666666,80.4567
2022-10-28 22:00:00,71.14635249999999,76.64165
2022-10-28 23:00:00,60.96554749999999,67.76452
2022-10-29 00:00:00,59.43525833333333,60.87372
2022-10-29 01:00:00,58.078232500000006,54.88846
2022-10-29 02:00:00,57.05474916666666,52.62103
2022-10-29 03:00:00,56.57794083333334,54.11781
2022-10-29 04:00:00,54.7726525,55.5168
2022-10-29 05:00:00,58.6866975,58.34639
2022-10-29 06:00:00,71.382025,68.37788
2022-10-29 07:00:00,61.2193025,62.79878
2022-10-29 08:00:00,47.32910916666666,51.26778
2022-10-29 09:00:00,33.74366916666667,27.72266
2022-10-29 10:00:00,25.9094825,25.45733
2022-10-29 11:00:00,25.496700833333335,22.24105
2022-10-29 12:00:00,22.373878333333334,22.55307
2022-10-29 13:00:00,16.284161666666666,23.00503
2022-10-29 14:00:00,14.9381125,26.08196
2022-10-29 15:00:00,23.985028333333332,35.54354
2022-10-29 16:00:00,47.510236666666664,54.89572
2022-10-29 17:00:00,66.64212666666667,75.14859
2022-10-29 18:00:00,68.65733333333334,79.01697
2022-10-29 19:00:00,57.33082083333333,76.6147
2022-10-29 20:00:00,60.15855333333334,71.58434
2022-10-29 21:00:00,69.05182416666666,71.77569
2022-10-29 22:00:00,70.89405416666666,69.38188
2022-10-29 23:00:00,70.162145,64.92096
2022-10-30 00:00:00,69.5251075,61.81761
2022-10-30 01:00:00,61.061636666666665,58.15422
2022-10-30 02:00:00,59.04786083333334,54.92076
2022-10-30 03:00:00,66.398585,53.90938
2022-10-30 04:00:00,67.859725,57.15347
2022-10-30 05:00:00,67.28327666666667,58.0052
2022-10-30 06:00:00,68.91349833333334,67.23913
2022-10-30 07:00:00,66.5204325,60.76641
2022-10-30 08:00:00,43.244235833333335,47.54711
2022-10-30 09:00:00,20.713115,23.22194
2022-10-30 10:00:00,24.039658333333335,16.98728
2022-10-30 11:00:00,24.4427125,15.86075
2022-10-30 12:00:00,20.203610833333332,14.92376
2022-10-30 13:00:00,16.9823725,16.59034
2022-10-30 14:00:00,20.100925,20.58704
2022-10-30 15:00:00,18.456175833333333,28.13516
2022-10-30 16:00:00,45.35824333333333,54.09856
2022-10-30 17:00:00,85.87906666666667,76.90359
2022-10-30 18:00:00,69.5886325,87.08914
2022-10-30 19:00:00,68.9412125,81.09206
2022-10-30 20:00:00,72.49407166666667,73.20268
2022-10-30 21:00:00,72.29050583333334,72.0
2022-10-30 22:00:00,71.2270175,70.28138
2022-10-30 23:00:00,68.5402,63.11931
2022-10-31 00:00:00,64.50886666666666,64.64227
2022-10-31 01:00:00,65.25366583333333,57.95679
2022-10-31 02:00:00,65.14758,57.05855
2022-10-31 03:00:00,68.8150725,57.70474
2022-10-31 04:00:00,66.82725333333333,64.46449
2022-10-31 05:00:00,74.66603083333332,72.66
2022-10-31 06:00:00,84.38039833333333,86.43551
2022-10-31 07:00:00,81.65355416666667,85.98343
2022-10-31 08:00:00,57.45196166666667,56.99
2022-10-31 09:00:00,43.249674999999996,47.43082
2022-10-31 10:00:00,44.350181666666664,41.99572
2022-10-31 11:00:00,47.9508425,42.98724
2022-10-31 12:00:00,49.32696166666667,42.25129
2022-10-31 13:00:00,53.37797166666667,45.86806
2022-10-31 14:00:00,56.23139333333333,52.08805
2022-10-31 15:00:00,73.75446166666667,57.09077
2022-10-31 16:00:00,76.93988833333334,68.65994
2022-10-31 17:00:00,65.25709083333334,84.29466
2022-10-31 18:00:00,61.70464833333333,93.37684
2022-10-31 19:00:00,56.76044833333333,84.01063
2022-10-31 20:00:00,62.78557083333334,80.20725
2022-10-31 21:00:00,62.27283,77.19255
2022-10-31 22:00:00,68.3570775,69.26466
2022-10-31 23:00:00,63.40343166666667,63.9417
2022-11-01 00:00:00,70.29101833333333,69.86513
2022-11-01 01:00:00,70.5198025,69.86243
2022-11-01 02:00:00,70.3274,66.94518
2022-11-01 03:00:00,72.39721416666667,64.96296
2022-11-01 04:00:00,77.82729833333333,68.09142
2022-11-01 05:00:00,84.02507,72.48068
2022-11-01 06:00:00,81.09787166666666,84.83904
2022-11-01 07:00:00,117.13133333333333,92.0679
2022-11-01 08:00:00,83.5594875,73.22835
2022-11-01 09:00:00,78.19461249999999,57.40213
2022-11-01 10:00:00,68.446385,54.1055
2022-11-01 11:00:00,64.66113,52.97638
2022-11-01 12:00:00,67.51328583333333,50.16
2022-11-01 13:00:00,60.9424525,44.47
2022-11-01 14:00:00,44.56419666666667,46.50421
2022-11-01 15:00:00,38.5159,53.35996
2022-11-01 16:00:00,60.37825083333333,63.2248
2022-11-01 17:00:00,80.8078375,83.03491
2022-11-01 18:00:00,81.24572916666666,86.17501
2022-11-01 19:00:00,79.60357499999999,81.91119
2022-11-01 20:00:00,77.88858833333333,78.4507
2022-11-01 21:00:00,75.93845333333333,77.18
2022-11-01 22:00:00,73.00890583333333,69.9136
2022-11-01 23:00:00,69.61576083333334,65.69337
2022-11-02 00:00:00,61.534798333333335,70.4541
2022-11-02 01:00:00,55.28179,67.10788
2022-11-02 02:00:00,57.968539166666666,67.3564
2022-11-02 03:00:00,56.830835,69.01
2022-11-02 04:00:00,60.66216083333333,73.5682
2022-11-02 05:00:00,69.61955,77.0467
2022-11-02 06:00:00,73.370385,91.75502
2022-11-02 07:00:00,78.52996333333333,96.96357
2022-11-02 08:00:00,69.9098525,77.83997
2022-11-02 09:00:00,51.4714625,74.41333
2022-11-02 10:00:00,36.132691666666666,67.72007
2022-11-02 11:00:00,36.09334166666667,64.68551
2022-11-02 12:00:00,32.290479166666664,57.71342
2022-11-02 13:00:00,31.421781666666664,57.85641
2022-11-02 14:00:00,31.09214916666667,54.71681
2022-11-02 15:00:00,40.51922416666667,62.5156
2022-11-02 16:00:00,65.3399125,71.9
2022-11-02 17:00:00,82.38092583333334,90.23823
2022-11-02 18:00:00,95.91928166666666,93.23398
2022-11-02 19:00:00,87.36497750000001,89.04044
2022-11-02 20:00:00,88.56628666666667,86.71
2022-11-02 21:00:00,94.56154166666666,84.45681
2022-11-02 22:00:00,91.27866333333333,79.77867
2022-11-02 23:00:00,81.96803,68.71987
2022-11-03 00:00:00,90.5475075,81.78865
2022-11-03 01:00:00,93.87720666666667,72.59934
2022-11-03 02:00:00,76.8245175,68.74086
2022-11-03 03:00:00,77.62134166666667,68.96082
2022-11-03 04:00:00,84.11468,70.55182
2022-11-03 05:00:00,83.730015,75.88873
2022-11-03 06:00:00,109.72186083333334,90.03145
2022-11-03 07:00:00,609.7328641666667,100.56037
2022-11-03 08:00:00,241.2081125,67.20032
2022-11-03 09:00:00,76.82620250000001,56.38257
2022-11-03 10:00:00,44.677815,55.89135
2022-11-03 11:00:00,20.884776666666667,44.67864
2022-11-03 12:00:00,23.638145833333336,41.37808
2022-11-03 13:00:00,26.049584166666666,36.23514
2022-11-03 14:00:00,24.9111025,38.32937
2022-11-03 15:00:00,8.149305,55.40786
2022-11-03 16:00:00,36.25846,64.13792
2022-11-03 17:00:00,103.32342833333333,91.32363
2022-11-03 18:00:00,94.88326916666666,100.03487
2022-11-03 19:00:00,88.79264,96.33059
2022-11-03 20:00:00,91.73192,92.50978
2022-11-03 21:00:00,113.18771583333334,92.27386
2022-11-03 22:00:00,126.26606666666667,88.49075
2022-11-03 23:00:00,106.58120000000001,85.40237
2022-11-04 00:00:00,86.36221416666666,85.95797
2022-11-04 01:00:00,82.06817833333334,81.64156
2022-11-04 02:00:00,83.8005,80.93892
2022-11-04 03:00:00,77.16512083333333,80.18374
2022-11-04 04:00:00,73.61123416666668,82.4602
2022-11-04 05:00:00,84.31482333333334,89.65493
2022-11-04 06:00:00,88.92552333333333,109.28784
2022-11-04 07:00:00,102.05468416666668,113.1317
2022-11-04 08:00:00,64.52236166666667,75.55887
2022-11-04 09:00:00,46.5665,60.85535
2022-11-04 10:00:00,21.305288333333333,50.43361
2022-11-04 11:00:00,20.6319625,47.13074
2022-11-04 12:00:00,10.8306175,41.80568
2022-11-04 13:00:00,6.137861666666667,39.78399
2022-11-04 14:00:00,3.2406408333333334,47.60494
2022-11-04 15:00:00,10.702524166666668,58.53424
2022-11-04 16:00:00,61.99435416666666,68.68328
2022-11-04 17:00:00,74.65952833333334,94.45748
2022-11-04 18:00:00,82.14451416666667,99.91056
2022-11-04 19:00:00,73.40128416666666,92.122
2022-11-04 20:00:00,74.7193175,90.57908
2022-11-04 21:00:00,78.95434,89.17111
2022-11-04 22:00:00,70.35665333333334,82.69883
2022-11-04 23:00:00,60.876087500000004,75.50487
2022-11-05 00:00:00,63.26262916666667,74.87658
2022-11-05 01:00:00,62.53585999999999,71.97325
2022-11-05 02:00:00,63.663338333333336,71.6587
2022-11-05 03:00:00,63.029297500000006,70.16142
2022-11-05 04:00:00,56.401064166666664,71.69501
2022-11-05 05:00:00,59.77773166666666,73.91941
2022-11-05 06:00:00,65.702635,86.09602
2022-11-05 07:00:00,59.08883,79.5579
2022-11-05 08:00:00,54.56411166666666,60.6949
2022-11-05 09:00:00,41.688900833333335,44.60485
2022-11-05 10:00:00,42.20257333333333,29.16012
2022-11-05 11:00:00,34.7298475,20.08128
2022-11-05 12:00:00,22.67980916666667,16.80991
2022-11-05 13:00:00,34.13760666666666,11.865
2022-11-05 14:00:00,44.875008333333334,15.1941
2022-11-05 15:00:00,40.90585333333333,25.13347
2022-11-05 16:00:00,33.85817333333333,53.63206
2022-11-05 17:00:00,67.65204333333334,83.93262
2022-11-05 18:00:00,81.49972583333333,89.13884
2022-11-05 19:00:00,78.15275916666667,86.14956
2022-11-05 20:00:00,79.9661175,82.19372
2022-11-05 21:00:00,79.84144083333334,81.76373
2022-11-05 22:00:00,74.15518,73.90141
2022-11-05 23:00:00,61.9364675,72.69402
2022-11-06 00:00:00,78.40438916666666,76.89719
2022-11-06 01:00:00,68.71968583333333,74.31284
2022-11-06 01:00:00,68.71968583333333,72.47421
2022-11-06 02:00:00,63.38106666666667,66.46768
2022-11-06 03:00:00,68.64818749999999,63.90931
2022-11-06 04:00:00,72.06545,66.30094
2022-11-06 05:00:00,78.60130583333334,66.7071
2022-11-06 06:00:00,79.60000916666667,66.64286
2022-11-06 07:00:00,47.49908333333334,58.5052
2022-11-06 08:00:00,2.3645108333333336,32.61162
2022-11-06 09:00:00,1.0882583333333333,22.456
2022-11-06 10:00:00,-5.470203333333333,21.44516
2022-11-06 11:00:00,-7.384925833333333,17.83526
2022-11-06 12:00:00,-12.472975,16.38201
2022-11-06 13:00:00,-12.824628333333335,18.12166
2022-11-06 14:00:00,8.237010833333333,25.9472
2022-11-06 15:00:00,53.384795,60.24173
2022-11-06 16:00:00,101.21578083333333,87.78237
2022-11-06 17:00:00,84.4269675,99.08356
2022-11-06 18:00:00,80.8879625,94.93235
2022-11-06 19:00:00,85.7527775,88.24734
2022-11-06 20:00:00,86.12598666666668,86.78708
2022-11-06 21:00:00,79.37684833333334,83.70782
2022-11-06 22:00:00,67.74837833333333,77.45394
2022-11-06 23:00:00,62.7965525,72.69097
2022-11-07 00:00:00,62.76293166666667,74.63273
2022-11-07 01:00:00,66.71329083333333,74.12946
2022-11-07 02:00:00,66.45896,74.97219
2022-11-07 03:00:00,64.36683416666666,75.07335
2022-11-07 04:00:00,64.57363,78.59397
2022-11-07 05:00:00,74.61813833333333,88.28284
2022-11-07 06:00:00,79.52769083333334,108.18794
2022-11-07 07:00:00,72.32743666666667,87.52365
2022-11-07 08:00:00,59.7941825,69.70606
2022-11-07 09:00:00,62.10802916666666,66.40334
2022-11-07 10:00:00,59.41325416666667,71.6958
2022-11-07 11:00:00,56.6550475,65.99044
2022-11-07 12:00:00,54.62222833333334,66.58782
2022-11-07 13:00:00,58.722430833333334,73.92463
2022-11-07 14:00:00,69.84804916666667,72.15054
2022-11-07 15:00:00,84.81614916666668,92.76834
2022-11-07 16:00:00,95.14048333333334,114.01182
2022-11-07 17:00:00,105.5746775,130.9148
2022-11-07 18:00:00,104.45518166666666,118.16518
2022-11-07 19:00:00,105.50124999999998,110.93676
2022-11-07 20:00:00,102.17325666666666,105.68836
2022-11-07 21:00:00,102.45120083333335,95.33319
2022-11-07 22:00:00,81.53635666666666,87.6738
2022-11-07 23:00:00,85.17302083333334,83.44748
2022-11-08 00:00:00,82.45538333333333,82.43532
2022-11-08 01:00:00,81.24441333333333,78.54295
2022-11-08 02:00:00,77.473515,75.80785
2022-11-08 03:00:00,81.83621333333333,78.98244
2022-11-08 04:00:00,91.96455083333332,79.96336
2022-11-08 05:00:00,99.63664666666666,88.62206
2022-11-08 06:00:00,117.22914416666667,101.75
2022-11-08 07:00:00,98.97304833333334,87.39676
2022-11-08 08:00:00,73.42857916666667,79.94582
2022-11-08 09:00:00,58.6867775,79.00834
2022-11-08 10:00:00,61.90215,85.63517
2022-11-08 11:00:00,60.04128666666667,86.73226
2022-11-08 12:00:00,64.72123833333333,81.17119
2022-11-08 13:00:00,71.61869166666666,74.20492
2022-11-08 14:00:00,89.51984,76.04995
2022-11-08 15:00:00,92.1237025,89.67246
2022-11-08 16:00:00,108.66056833333334,109.6755
2022-11-08 17:00:00,105.14680583333335,131.47334
2022-11-08 18:00:00,103.01188833333333,114.55238
2022-11-08 19:00:00,108.94751916666667,105.04715
2022-11-08 20:00:00,113.56388666666668,102.50894
2022-11-08 21:00:00,121.70159,96.84303
2022-11-08 22:00:00,113.60626333333333,85.53197
2022-11-08 23:00:00,97.30262583333332,81.62854
2022-11-09 00:00:00,91.43472333333334,74.81163
2022-11-09 01:00:00,82.22350166666666,70.63127
2022-11-09 02:00:00,88.93949500000001,70.02445
2022-11-09 03:00:00,104.9024825,70.25597
2022-11-09 04:00:00,81.93047333333334,70.69995
2022-11-09 05:00:00,100.4110025,83.21
2022-11-09 06:00:00,122.31458916666666,94.12869
2022-11-09 07:00:00,63.4270975,72.27082
2022-11-09 08:00:00,30.123943333333333,63.22191
2022-11-09 09:00:00,14.698143333333334,50.61357
2022-11-09 10:00:00,13.8987875,40.74435
2022-11-09 11:00:00,9.345203333333334,34.18496
2022-11-09 12:00:00,15.331382499999998,29.25987
2022-11-09 13:00:00,9.558185833333335,29.51766
2022-11-09 14:00:00,2.257938333333333,37.68605
2022-11-09 15:00:00,33.692436666666666,68.10619
2022-11-09 16:00:00,85.23542583333334,98.42833
2022-11-09 17:00:00,94.84417,116.25781
2022-11-09 18:00:00,80.76075333333334,105.41388
2022-11-09 19:00:00,81.332675,101.12472
2022-11-09 20:00:00,85.8872975,100.04165
2022-11-09 21:00:00,88.67474916666667,99.1756
2022-11-09 22:00:00,86.39244416666666,85.46806
2022-11-09 23:00:00,76.32502416666667,81.92484
2022-11-10 00:00:00,78.47690833333333,88.71866
2022-11-10 01:00:00,78.52767,85.44277
2022-11-10 02:00:00,88.11365666666666,83.06156
2022-11-10 03:00:00,105.63342583333333,85.08362
2022-11-10 04:00:00,101.08984249999999,92.89834
2022-11-10 05:00:00,98.65516416666667,109.3
2022-11-10 06:00:00,141.7994075,120.63
2022-11-10 07:00:00,68.30402083333333,77.42
2022-11-10 08:00:00,32.92877666666667,60.37602
2022-11-10 09:00:00,44.96240666666667,51.76185
2022-11-10 10:00:00,44.20442666666667,44.19034
2022-11-10 11:00:00,40.4150075,43.6405
2022-11-10 12:00:00,40.404334999999996,42.84919
2022-11-10 13:00:00,26.2060875,42.95721
2022-11-10 14:00:00,20.755606666666665,55.17199
2022-11-10 15:00:00,66.39453166666667,78.72761
2022-11-10 16:00:00,99.47214000000001,119.27978
2022-11-10 17:00:00,98.38050583333334,138.83514
2022-11-10 18:00:00,91.7275125,129.0655
2022-11-10 19:00:00,89.56931083333335,120.41929
2022-11-10 20:00:00,91.11915416666666,117.05999
2022-11-10 21:00:00,101.58856083333335,113.28442
2022-11-10 22:00:00,94.61961666666667,99.15109
2022-11-10 23:00:00,86.44926416666668,95.00566
2022-11-11 00:00:00,91.0965625,94.79786
2022-11-11 01:00:00,86.98296583333332,89.83984
2022-11-11 02:00:00,77.49003166666667,86.13801
2022-11-11 03:00:00,77.06136333333333,89.65495
2022-11-11 04:00:00,86.16398416666668,98.22418
2022-11-11 05:00:00,92.88138250000002,109.3
2022-11-11 06:00:00,95.40933749999999,106.6352
2022-11-11 07:00:00,69.85282583333334,87.10228
2022-11-11 08:00:00,50.0113025,61.20186
2022-11-11 09:00:00,41.65136666666667,57.48654
2022-11-11 10:00:00,24.25719583333333,59.91036
2022-11-11 11:00:00,4.515535833333334,62.545
2022-11-11 12:00:00,7.466325833333333,61.95003
2022-11-11 13:00:00,39.83025166666666,63.87766
2022-11-11 14:00:00,59.742469166666666,67.92487
2022-11-11 15:00:00,84.32280250000001,86.93967
2022-11-11 16:00:00,91.64208666666667,112.58025
2022-11-11 17:00:00,90.813985,127.59991
2022-11-11 18:00:00,91.16929,113.9836
2022-11-11 19:00:00,90.70892583333334,110.14411
2022-11-11 20:00:00,91.92963250000001,107.3942
2022-11-11 21:00:00,101.18925333333334,104.70015
2022-11-11 22:00:00,98.56313083333333,100.3526
2022-11-11 23:00:00,92.48681916666668,95.86289
2022-11-12 00:00:00,91.33936166666666,96.85759
2022-11-12 01:00:00,90.68791416666666,93.51251
2022-11-12 02:00:00,93.04996333333334,92.89838
2022-11-12 03:00:00,98.15987333333334,90.77404
2022-11-12 04:00:00,97.24952,92.24944
2022-11-12 05:00:00,95.38482416666666,93.54981
2022-11-12 06:00:00,101.35546166666667,96.69683
2022-11-12 07:00:00,60.71183333333334,72.66275
2022-11-12 08:00:00,33.27189416666667,44.96983
2022-11-12 09:00:00,25.941018333333332,35.4811
2022-11-12 10:00:00,27.610309166666667,30.74311
2022-11-12 11:00:00,28.6697375,27.91469
2022-11-12 12:00:00,13.9178925,22.17487
2022-11-12 13:00:00,7.461111666666667,21.82906
2022-11-12 14:00:00,0.9319991666666666,32.13975
2022-11-12 15:00:00,54.208130000000004,72.64847
2022-11-12 16:00:00,87.185445,101.16101
2022-11-12 17:00:00,90.91531166666665,111.79112
2022-11-12 18:00:00,88.28515666666668,100.52833
2022-11-12 19:00:00,91.82327166666666,98.42738
2022-11-12 20:00:00,90.66748666666666,95.05088
2022-11-12 21:00:00,90.1655325,90.26188
2022-11-12 22:00:00,90.64271166666667,84.28009
2022-11-12 23:00:00,90.29922833333335,80.75005
2022-11-13 00:00:00,86.13994666666667,70.72022
2022-11-13 01:00:00,82.14101833333334,70.81178
2022-11-13 02:00:00,75.10448583333333,70.75277
2022-11-13 03:00:00,83.73397166666666,69.61805
2022-11-13 04:00:00,87.23736000000001,75.39775
2022-11-13 05:00:00,83.4791475,77.39195
2022-11-13 06:00:00,78.06559416666667,72.73281
2022-11-13 07:00:00,48.25808333333333,62.41169
2022-11-13 08:00:00,19.25081,24.38561
2022-11-13 09:00:00,2.2494825,19.02124
2022-11-13 10:00:00,5.655881666666667,17.30784
2022-11-13 11:00:00,4.11252,16.13798
2022-11-13 12:00:00,4.842829166666667,14.38353
2022-11-13 13:00:00,0.7154591666666666,16.06977
2022-11-13 14:00:00,-0.6267491666666666,24.49731
2022-11-13 15:00:00,49.290256666666664,71.33226
2022-11-13 16:00:00,95.189055,96.37778
2022-11-13 17:00:00,92.72794333333333,112.24291
2022-11-13 18:00:00,92.50633083333334,100.21495
2022-11-13 19:00:00,91.54648666666667,94.52314
2022-11-13 20:00:00,89.077345,92.06088
2022-11-13 21:00:00,93.07445583333333,90.76157
2022-11-13 22:00:00,89.96059083333334,85.03029
2022-11-13 23:00:00,85.50729416666667,87.7696
2022-11-14 00:00:00,90.06977333333333,84.13026
2022-11-14 01:00:00,88.043245,84.68495
2022-11-14 02:00:00,84.35110833333333,83.44765
2022-11-14 03:00:00,75.202115,84.41578
2022-11-14 04:00:00,82.26979166666666,90.21456
2022-11-14 05:00:00,96.1269525,110.75697
2022-11-14 06:00:00,145.7821766666667,132.31
2022-11-14 07:00:00,87.5092675,88.72369
2022-11-14 08:00:00,50.14060333333333,64.34777
2022-11-14 09:00:00,46.6951475,51.73741
2022-11-14 10:00:00,27.867076666666666,47.56792
2022-11-14 11:00:00,33.73486,48.11463
2022-11-14 12:00:00,36.4241525,47.56376
2022-11-14 13:00:00,28.717034166666664,48.1543
2022-11-14 14:00:00,29.863024999999997,58.19684
2022-11-14 15:00:00,77.20801999999999,82.34073
2022-11-14 16:00:00,105.00903333333333,117.97
2022-11-14 17:00:00,110.7771,137.29126
2022-11-14 18:00:00,102.29095749999999,124.92908
2022-11-14 19:00:00,104.17741416666667,116.49066
2022-11-14 20:00:00,111.24259333333333,115.87482
2022-11-14 21:00:00,107.67477583333334,109.22585
2022-11-14 22:00:00,103.51319083333334,100.57099
2022-11-14 23:00:00,92.78415666666666,90.48941
2022-11-15 00:00:00,93.44293166666667,99.05911
2022-11-15 01:00:00,96.48654583333332,93.67828
2022-11-15 02:00:00,98.68513583333333,92.69034
2022-11-15 03:00:00,94.88655916666666,93.65264
2022-11-15 04:00:00,100.27704416666667,97.19833
2022-11-15 05:00:00,102.62665916666667,108.23944
2022-11-15 06:00:00,118.54556583333333,125.84908
2022-11-15 07:00:00,81.92631333333334,93.76
2022-11-15 08:00:00,50.85586333333333,69.57968
2022-11-15 09:00:00,53.63387,60.64524
2022-11-15 10:00:00,49.59050833333333,53.23246
2022-11-15 11:00:00,42.06337916666667,52.14795
2022-11-15 12:00:00,39.5297225,49.53846
2022-11-15 13:00:00,33.18542583333333,47.33091
2022-11-15 14:00:00,46.321484166666664,56.08183
2022-11-15 15:00:00,71.29021416666667,84.36614
2022-11-15 16:00:00,90.06442416666665,115.76795
2022-11-15 17:00:00,99.04238416666668,133.18605
2022-11-15 18:00:00,102.38183916666667,117.73564
2022-11-15 19:00:00,96.61918916666667,112.24711
2022-11-15 20:00:00,94.56446333333334,111.1543
2022-11-15 21:00:00,97.25263083333334,108.77672
2022-11-15 22:00:00,82.33674833333333,96.53892
2022-11-15 23:00:00,83.51981583333334,92.64
2022-11-16 00:00:00,81.51980583333334,89.30409
2022-11-16 01:00:00,77.26513333333334,85.83944
2022-11-16 02:00:00,78.83210749999999,85.67218
2022-11-16 03:00:00,80.43450916666667,86.26254
2022-11-16 04:00:00,91.88446666666668,95.09697
2022-11-16 05:00:00,93.7556,105.72667
2022-11-16 06:00:00,115.35483083333334,127.07991
2022-11-16 07:00:00,83.24830583333333,91.04035
2022-11-16 08:00:00,58.26515916666667,68.31721
2022-11-16 09:00:00,38.58381166666667,52.22724
2022-11-16 10:00:00,37.08473083333333,48.14862
2022-11-16 11:00:00,28.7209625,47.07938
2022-11-16 12:00:00,12.788756666666666,44.83607
2022-11-16 13:00:00,2.8028025,46.40692
2022-11-16 14:00:00,13.037029166666665,54.59021
2022-11-16 15:00:00,78.80074166666667,89.69437
2022-11-16 16:00:00,101.51693166666666,117.45401
2022-11-16 17:00:00,106.59797333333334,138.96414
2022-11-16 18:00:00,106.1471825,122.55553
2022-11-16 19:00:00,100.32436916666666,117.07479
2022-11-16 20:00:00,111.94459583333332,114.58329
2022-11-16 21:00:00,112.68962333333333,109.03689
2022-11-16 22:00:00,93.71429166666667,102.34316
2022-11-16 23:00:00,95.127325,96.81889
2022-11-17 00:00:00,87.41302999999999,86.33982
2022-11-17 01:00:00,79.24345583333333,84.70816
2022-11-17 02:00:00,81.16439,82.68479
2022-11-17 03:00:00,84.02200083333334,83.72765
2022-11-17 04:00:00,89.95844,91.05574
2022-11-17 05:00:00,94.70191,103.0
2022-11-17 06:00:00,89.94029916666666,113.69716
2022-11-17 07:00:00,73.50475333333334,83.62337
2022-11-17 08:00:00,62.99279166666667,63.33275
2022-11-17 09:00:00,33.112919166666664,54.24248
2022-11-17 10:00:00,34.03521583333333,52.87737
2022-11-17 11:00:00,37.0384575,52.75825
2022-11-17 12:00:00,23.916355,56.08842
2022-11-17 13:00:00,42.211080833333334,56.83105
2022-11-17 14:00:00,63.332420000000006,65.88504
2022-11-17 15:00:00,86.10383666666667,90.97241
2022-11-17 16:00:00,94.0040225,113.65249
2022-11-17 17:00:00,102.16142833333333,123.10602
2022-11-17 18:00:00,102.70891333333333,111.51787
2022-11-17 19:00:00,101.10395916666666,105.9814
2022-11-17 20:00:00,101.93408083333333,105.94386
2022-11-17 21:00:00,95.2148825,101.49565
2022-11-17 22:00:00,94.92096083333333,96.61018
2022-11-17 23:00:00,86.95262166666667,91.57853
2022-11-18 00:00:00,90.43888583333334,82.33086
2022-11-18 01:00:00,90.75946416666666,79.31719
2022-11-18 02:00:00,90.79578583333334,78.76391
2022-11-18 03:00:00,96.22021833333334,79.03155
2022-11-18 04:00:00,100.56951083333333,89.36923
2022-11-18 05:00:00,114.10887333333334,104.0328
2022-11-18 06:00:00,199.641465,112.99415
2022-11-18 07:00:00,97.1849025,96.70034
2022-11-18 08:00:00,68.2349025,72.39556
2022-11-18 09:00:00,78.72053833333332,66.67559
2022-11-18 10:00:00,77.28243583333334,61.35233
2022-11-18 11:00:00,71.58015999999999,58.43083
2022-11-18 12:00:00,65.55104,57.7616
2022-11-18 13:00:00,62.72617833333334,52.2372
2022-11-18 14:00:00,67.24143333333333,59.5
2022-11-18 15:00:00,74.55542166666667,81.52398
2022-11-18 16:00:00,99.30795583333334,114.92339
2022-11-18 17:00:00,105.16562666666668,127.95652
2022-11-18 18:00:00,107.31564833333333,114.22853
2022-11-18 19:00:00,100.94325249999999,106.71524
2022-11-18 20:00:00,105.39678500000001,105.57003
2022-11-18 21:00:00,106.01157,104.01432
2022-11-18 22:00:00,102.56707333333334,98.09854
2022-11-18 23:00:00,95.80396833333333,94.10909
2022-11-19 00:00:00,84.32320499999999,84.14625
2022-11-19 01:00:00,80.51583416666666,82.02643
2022-11-19 02:00:00,79.52801666666666,81.26964
2022-11-19 03:00:00,71.97696666666667,79.84675
2022-11-19 04:00:00,88.19721750000001,87.57944
2022-11-19 05:00:00,95.20368583333334,93.24329
2022-11-19 06:00:00,108.30198,98.84563
2022-11-19 07:00:00,67.65698333333334,74.02119
2022-11-19 08:00:00,46.59679333333333,48.41215
2022-11-19 09:00:00,33.565084166666665,30.46533
2022-11-19 10:00:00,41.51631583333333,24.9741
2022-11-19 11:00:00,38.602585,23.2626
2022-11-19 12:00:00,7.805824166666667,22.21216
2022-11-19 13:00:00,-0.1541066666666667,24.80791
2022-11-19 14:00:00,3.4481291666666665,31.91592
2022-11-19 15:00:00,67.38425083333333,71.08199
2022-11-19 16:00:00,82.1362675,103.23151
2022-11-19 17:00:00,80.88651083333333,107.97974
2022-11-19 18:00:00,80.676935,100.3145
2022-11-19 19:00:00,89.63466083333333,98.59138
2022-11-19 20:00:00,99.01684333333333,98.03874
2022-11-19 21:00:00,99.40900166666667,95.7072
2022-11-19 22:00:00,100.47737583333333,90.56254
2022-11-19 23:00:00,89.01384166666666,86.33971
2022-11-20 00:00:00,92.19686666666666,80.2003
2022-11-20 01:00:00,100.11520166666666,75.47985
2022-11-20 02:00:00,99.15100333333334,77.89469
2022-11-20 03:00:00,92.52201083333334,75.44226
2022-11-20 04:00:00,93.71022666666666,80.35728
2022-11-20 05:00:00,90.84583083333332,88.82906
2022-11-20 06:00:00,91.90530083333334,88.89163
2022-11-20 07:00:00,53.76413,70.37433
2022-11-20 08:00:00,32.35146583333333,51.72475
2022-11-20 09:00:00,19.963676666666668,40.01339
2022-11-20 10:00:00,14.003670833333333,33.44013
2022-11-20 11:00:00,5.261469166666667,31.33839
2022-11-20 12:00:00,8.370464166666666,31.0409
2022-11-20 13:00:00,1.633825,33.16217
2022-11-20 14:00:00,2.6546608333333332,45.3628
2022-11-20 15:00:00,67.97069333333333,73.61047
2022-11-20 16:00:00,86.79159916666667,98.3508
2022-11-20 17:00:00,90.08174083333334,110.47133
2022-11-20 18:00:00,81.03048166666666,101.64129
2022-11-20 19:00:00,81.31650499999999,96.53506
2022-11-20 20:00:00,87.77117416666665,95.05637
2022-11-20 21:00:00,77.915375,93.62963
2022-11-20 22:00:00,77.09692666666668,85.99022
2022-11-20 23:00:00,74.82335833333333,82.68477
2022-11-21 00:00:00,78.57781333333334,89.3657
2022-11-21 01:00:00,73.2280275,86.40343
2022-11-21 02:00:00,71.58737083333334,86.39707
2022-11-21 03:00:00,78.67543666666667,88.90864
2022-11-21 04:00:00,89.56033333333333,94.42141
2022-11-21 05:00:00,89.71888666666666,99.6912
2022-11-21 06:00:00,97.3020225,122.80709
2022-11-21 07:00:00,82.81658916666667,98.019
2022-11-21 08:00:00,59.921812499999994,71.3961
2022-11-21 09:00:00,48.39655083333333,69.29392
2022-11-21 10:00:00,49.095605,65.28728
2022-11-21 11:00:00,55.77553416666667,68.08984
2022-11-21 12:00:00,50.491695,67.00904
2022-11-21 13:00:00,56.65835583333333,69.53467
2022-11-21 14:00:00,76.37713916666667,75.10173
2022-11-21 15:00:00,97.99627,97.08277
2022-11-21 16:00:00,90.40939333333334,117.88761
2022-11-21 17:00:00,93.98462,129.78035
2022-11-21 18:00:00,91.23967416666666,117.85089
2022-11-21 19:00:00,92.51959583333333,109.9746
2022-11-21 20:00:00,93.62052833333333,106.97961
2022-11-21 21:00:00,95.32690333333333,105.49224
2022-11-21 22:00:00,94.29748166666667,98.72915
2022-11-21 23:00:00,85.60066333333333,94.26579
2022-11-22 00:00:00,89.97756916666667,89.76297
2022-11-22 01:00:00,82.17029166666667,85.81662
2022-11-22 02:00:00,82.59740666666666,82.51019
2022-11-22 03:00:00,76.18101333333333,83.99091
2022-11-22 04:00:00,78.56805333333334,90.89321
2022-11-22 05:00:00,84.06787833333333,100.13907
2022-11-22 06:00:00,88.6653925,106.97131
2022-11-22 07:00:00,77.81881833333334,95.84569
2022-11-22 08:00:00,51.39572583333333,78.41
2022-11-22 09:00:00,27.981105,70.78126
2022-11-22 10:00:00,28.990499166666666,69.02806
2022-11-22 11:00:00,14.559885,68.29328
2022-11-22 12:00:00,19.1488375,66.08453
2022-11-22 13:00:00,7.870595833333333,67.05263
2022-11-22 14:00:00,35.070995,70.67594
2022-11-22 15:00:00,78.75322,87.57146
2022-11-22 16:00:00,86.46781083333333,110.53004
2022-11-22 17:00:00,87.12150583333333,114.66071
2022-11-22 18:00:00,82.80551916666667,103.73303
2022-11-22 19:00:00,81.69577666666667,101.81164
2022-11-22 20:00:00,87.33492083333333,101.18014
2022-11-22 21:00:00,82.1154125,98.1096
2022-11-22 22:00:00,81.49168666666667,92.46422
2022-11-22 23:00:00,76.519715,88.31578
2022-11-23 00:00:00,76.96789083333333,88.04592
2022-11-23 01:00:00,73.57110166666666,83.98877
2022-11-23 02:00:00,75.38802249999999,82.85475
2022-11-23 03:00:00,76.28109166666667,83.45218
2022-11-23 04:00:00,80.35975166666667,88.05183
2022-11-23 05:00:00,86.018005,98.74472
2022-11-23 06:00:00,86.1514775,107.10371
2022-11-23 07:00:00,78.05170833333334,90.23514
2022-11-23 08:00:00,72.7738,76.17133
2022-11-23 09:00:00,46.368860000000005,66.54008
2022-11-23 10:00:00,31.984279166666667,61.42885
2022-11-23 11:00:00,13.154786666666666,60.76703
2022-11-23 12:00:00,9.817635833333332,59.43143
2022-11-23 13:00:00,7.366063333333333,58.42632
2022-11-23 14:00:00,12.922826666666666,71.53875
2022-11-23 15:00:00,75.66838666666666,91.21259
2022-11-23 16:00:00,89.57203833333334,115.97409
2022-11-23 17:00:00,95.9160375,119.56533
2022-11-23 18:00:00,88.90763500000001,111.9952
2022-11-23 19:00:00,88.98002166666667,106.57946
2022-11-23 20:00:00,94.56237,102.91324
2022-11-23 21:00:00,100.22783333333332,101.01794
2022-11-23 22:00:00,102.57450666666666,98.94191
2022-11-23 23:00:00,98.36765666666668,95.03797
2022-11-24 00:00:00,96.534635,95.78971
2022-11-24 01:00:00,92.95342833333332,95.50834
2022-11-24 02:00:00,85.01434,91.59216
2022-11-24 03:00:00,83.28273333333334,95.84844
2022-11-24 04:00:00,85.01416083333334,98.54428
2022-11-24 05:00:00,85.42818916666666,100.28684
2022-11-24 06:00:00,90.01727166666666,101.40471
2022-11-24 07:00:00,69.17181000000001,86.19975
2022-11-24 08:00:00,48.75807416666667,57.91622
2022-11-24 09:00:00,16.997089166666665,35.09441
2022-11-24 10:00:00,7.877966666666667,28.95328
2022-11-24 11:00:00,7.391215,31.02004
2022-11-24 12:00:00,3.5063425,28.34733
2022-11-24 13:00:00,2.3720175,27.28664
2022-11-24 14:00:00,2.9563450000000002,46.22779
2022-11-24 15:00:00,70.44405083333334,89.76751
2022-11-24 16:00:00,104.41402,109.87789
2022-11-24 17:00:00,91.55318583333333,112.46948
2022-11-24 18:00:00,79.67739416666667,108.03511
2022-11-24 19:00:00,82.52574750000001,107.60236
2022-11-24 20:00:00,84.47918583333333,106.53124
2022-11-24 21:00:00,87.66116749999999,105.99022
2022-11-24 22:00:00,92.4009375,106.3059
2022-11-24 23:00:00,82.4992975,105.2144
2022-11-25 00:00:00,80.87591166666667,98.18514
2022-11-25 01:00:00,83.63269916666667,99.37437
2022-11-25 02:00:00,83.6017375,94.80288
2022-11-25 03:00:00,82.13940166666667,98.24108
2022-11-25 04:00:00,91.6781125,103.30354
2022-11-25 05:00:00,95.43976249999999,109.73374
2022-11-25 06:00:00,99.34242083333334,112.16227
2022-11-25 07:00:00,70.2766875,95.8562
2022-11-25 08:00:00,42.012405,60.83559
2022-11-25 09:00:00,39.888335833333336,45.19875
2022-11-25 10:00:00,51.40853583333333,42.01697
2022-11-25 11:00:00,46.678495,45.12183
2022-11-25 12:00:00,41.936436666666665,42.23118
2022-11-25 13:00:00,47.594705833333336,45.92436
2022-11-25 14:00:00,36.1916125,63.66996
2022-11-25 15:00:00,84.74212999999999,97.66594
2022-11-25 16:00:00,100.49183,122.59653
2022-11-25 17:00:00,100.04787833333334,128.29755
2022-11-25 18:00:00,93.03937916666666,119.51573
2022-11-25 19:00:00,89.84417333333333,118.3459
2022-11-25 20:00:00,88.85091249999999,117.29291
2022-11-25 21:00:00,90.083625,115.46864
2022-11-25 22:00:00,102.1672425,113.00067
2022-11-25 23:00:00,100.67694083333333,108.47435
2022-11-26 00:00:00,97.17213416666668,93.49059
2022-11-26 01:00:00,100.66446916666666,92.20217
2022-11-26 02:00:00,96.66060750000001,90.8278
2022-11-26 03:00:00,104.43437083333333,91.35119
2022-11-26 04:00:00,100.09026999999999,95.96451
2022-11-26 05:00:00,122.41832083333333,102.92658
2022-11-26 06:00:00,125.29461416666668,105.00772
2022-11-26 07:00:00,48.87784249999999,92.14763
2022-11-26 08:00:00,13.204655,76.28659
2022-11-26 09:00:00,26.086633333333335,56.75147
2022-11-26 10:00:00,25.7849975,44.42799
2022-11-26 11:00:00,14.511298333333334,40.52616
2022-11-26 12:00:00,39.9757175,36.04884
2022-11-26 13:00:00,59.662792499999995,35.42501
2022-11-26 14:00:00,58.918665833333336,57.94098
2022-11-26 15:00:00,93.13908833333333,91.45377
2022-11-26 16:00:00,98.32120416666667,113.94156
2022-11-26 17:00:00,100.6039725,120.2334
2022-11-26 18:00:00,96.23980083333333,109.33481
2022-11-26 19:00:00,94.55044416666665,107.82861
2022-11-26 20:00:00,103.45904,108.09104
2022-11-26 21:00:00,105.54817583333333,108.13766
2022-11-26 22:00:00,97.19200000000001,104.44191
2022-11-26 23:00:00,93.27840166666665,100.0
2022-11-27 00:00:00,99.06981833333333,102.09072
2022-11-27 01:00:00,95.7725375,99.02356
2022-11-27 02:00:00,91.70050166666665,99.86594
2022-11-27 03:00:00,97.06143833333333,99.06505
2022-11-27 04:00:00,100.67833666666667,102.3326
2022-11-27 05:00:00,94.26416166666667,105.41931
2022-11-27 06:00:00,99.12912666666666,105.17627
2022-11-27 07:00:00,85.9146425,86.61873
2022-11-27 08:00:00,47.10294416666667,70.40926
2022-11-27 09:00:00,25.068551666666664,48.19181
2022-11-27 10:00:00,2.886623333333333,39.72615
2022-11-27 11:00:00,12.37363,38.01741
2022-11-27 12:00:00,11.170200833333332,32.60548
2022-11-27 13:00:00,25.235407499999997,32.16717
2022-11-27 14:00:00,31.752926666666667,55.66905
2022-11-27 15:00:00,84.69574333333334,96.42451
2022-11-27 16:00:00,97.69506833333332,110.02642
2022-11-27 17:00:00,106.84171083333332,118.42546
2022-11-27 18:00:00,106.647785,107.02333
2022-11-27 19:00:00,104.90700249999999,105.60364
2022-11-27 20:00:00,101.62093499999999,104.18207
2022-11-27 21:00:00,116.09326083333333,102.79758
2022-11-27 22:00:00,95.38875999999999,101.71433
2022-11-27 23:00:00,91.6211225,97.03761
2022-11-28 00:00:00,93.08262166666667,103.95453
2022-11-28 01:00:00,90.76796666666667,95.55889
2022-11-28 02:00:00,86.169675,94.65413
2022-11-28 03:00:00,85.14235916666667,94.51392
2022-11-28 04:00:00,84.447705,95.19511
2022-11-28 05:00:00,91.04479416666668,108.45958
2022-11-28 06:00:00,109.72148083333333,134.74619
2022-11-28 07:00:00,129.65039083333332,124.53057
2022-11-28 08:00:00,93.19316166666665,89.04242
2022-11-28 09:00:00,82.58461916666666,89.84871
2022-11-28 10:00:00,73.61706083333333,89.42116
2022-11-28 11:00:00,65.48195333333334,83.57034
2022-11-28 12:00:00,55.229420833333336,76.82236
2022-11-28 13:00:00,67.3736675,75.20072
2022-11-28 14:00:00,72.19259583333333,82.28078
2022-11-28 15:00:00,103.7610325,98.23344
2022-11-28 16:00:00,102.65597916666667,127.84135
2022-11-28 17:00:00,97.2580125,143.18076
2022-11-28 18:00:00,92.88225999999999,129.032
2022-11-28 19:00:00,89.81145416666668,125.09522
2022-11-28 20:00:00,97.73839083333333,123.33398
2022-11-28 21:00:00,110.6333375,120.90873
2022-11-28 22:00:00,95.01948583333332,110.11313
2022-11-28 23:00:00,89.67648666666666,102.26831
2022-11-29 00:00:00,95.03551416666666,95.73067
2022-11-29 01:00:00,96.51679583333333,93.22354
2022-11-29 02:00:00,96.8351775,93.51
2022-11-29 03:00:00,89.9322275,93.48431
2022-11-29 04:00:00,96.09407666666668,95.17177
2022-11-29 05:00:00,107.35557,109.45903
2022-11-29 06:00:00,180.184065,152.43613
2022-11-29 07:00:00,204.25670833333334,116.49215
2022-11-29 08:00:00,73.32692,92.37785
2022-11-29 09:00:00,61.72293666666667,83.08426
2022-11-29 10:00:00,60.052213333333334,78.43083
2022-11-29 11:00:00,64.95732166666666,76.85321
2022-11-29 12:00:00,59.62367916666667,72.36299
2022-11-29 13:00:00,61.45202666666666,71.70083
2022-11-29 14:00:00,62.75500416666667,83.72476
2022-11-29 15:00:00,119.2582,114.10294
2022-11-29 16:00:00,166.45650583333332,155.05635
2022-11-29 17:00:00,155.1475,174.41869
2022-11-29 18:00:00,158.21050416666665,166.25647
2022-11-29 19:00:00,164.25954083333332,159.67937
2022-11-29 20:00:00,167.348885,158.64964
2022-11-29 21:00:00,160.54873416666666,154.03961
2022-11-29 22:00:00,149.13087666666667,129.62794
2022-11-29 23:00:00,146.68329333333332,124.16715
2022-11-30 00:00:00,140.70957916666666,131.01582
2022-11-30 01:00:00,138.04011666666665,123.90084
2022-11-30 02:00:00,131.6103725,120.72469
2022-11-30 03:00:00,133.62045583333335,122.39955
2022-11-30 04:00:00,138.41759416666665,127.39504
2022-11-30 05:00:00,136.88609416666665,143.67143
2022-11-30 06:00:00,168.80434166666666,171.34436
2022-11-30 07:00:00,137.16465250000002,148.75967
2022-11-30 08:00:00,111.61492333333332,113.72643
2022-11-30 09:00:00,96.85440166666666,101.27091
2022-11-30 10:00:00,100.55418333333334,95.403
2022-11-30 11:00:00,93.05013083333334,90.18282
2022-11-30 12:00:00,94.68984999999999,89.68022
2022-11-30 13:00:00,83.46485,87.41367
2022-11-30 14:00:00,89.83883666666667,100.80054
2022-11-30 15:00:00,134.10158083333332,128.03993
2022-11-30 16:00:00,154.408975,158.25787
2022-11-30 17:00:00,153.08408333333333,186.53725
2022-11-30 18:00:00,149.64895083333332,164.1863
2022-11-30 19:00:00,150.280875,159.44887
2022-11-30 20:00:00,148.51052166666668,151.994
2022-11-30 21:00:00,145.56411333333332,148.31075
2022-11-30 22:00:00,123.65794999999999,137.40263
2022-11-30 23:00:00,107.1331675,128.84003
2022-12-01 00:00:00,123.32593416666667,150.44302
2022-12-01 01:00:00,126.68769250000001,142.44563
2022-12-01 02:00:00,125.19437583333332,138.65347
2022-12-01 03:00:00,126.13302083333333,137.64746
2022-12-01 04:00:00,132.01989416666666,138.85973
2022-12-01 05:00:00,137.55167666666668,149.54485
2022-12-01 06:00:00,139.95264416666666,173.06917
2022-12-01 07:00:00,151.9832575,171.60953
2022-12-01 08:00:00,184.07940833333336,159.50285
2022-12-01 09:00:00,160.27965666666668,142.91826
2022-12-01 10:00:00,109.00781833333333,142.47276
2022-12-01 11:00:00,90.58247,139.9956
2022-12-01 12:00:00,88.09659416666666,139.66096
2022-12-01 13:00:00,88.86126999999999,137.57988
2022-12-01 14:00:00,106.20455833333334,142.91656
2022-12-01 15:00:00,163.927465,170.36102
2022-12-01 16:00:00,170.53773750000002,202.41344
2022-12-01 17:00:00,176.83740833333331,224.90608
2022-12-01 18:00:00,170.535195,202.6238
2022-12-01 19:00:00,170.69104166666668,195.53159
2022-12-01 20:00:00,168.15034666666665,196.87064
2022-12-01 21:00:00,165.53852416666666,181.12202
2022-12-01 22:00:00,156.91714583333334,150.5389
2022-12-01 23:00:00,132.39874583333332,151.07571
2022-12-02 00:00:00,125.7378625,152.97083
2022-12-02 01:00:00,131.583775,146.46704
2022-12-02 02:00:00,131.95653833333333,146.2695
2022-12-02 03:00:00,127.28342416666668,146.55586
2022-12-02 04:00:00,137.68489916666667,146.467
2022-12-02 05:00:00,152.79318333333333,160.27103
2022-12-02 06:00:00,184.28293999999997,205.00034
2022-12-02 07:00:00,195.52457916666665,218.6519
2022-12-02 08:00:00,138.93752083333334,179.74326
2022-12-02 09:00:00,131.7874525,162.85728
2022-12-02 10:00:00,128.36775500000002,155.0307
2022-12-02 11:00:00,137.14885833333332,143.42188
2022-12-02 12:00:00,147.3478575,147.03937
2022-12-02 13:00:00,178.50303583333334,139.28957
2022-12-02 14:00:00,199.8936633333333,152.99316
2022-12-02 15:00:00,211.99663083333334,194.56042
2022-12-02 16:00:00,210.05948666666666,225.5759
2022-12-02 17:00:00,210.14271,259.61023
2022-12-02 18:00:00,196.4620025,235.65892
2022-12-02 19:00:00,206.61491166666667,225.14761
2022-12-02 20:00:00,205.56783416666667,224.99445
2022-12-02 21:00:00,218.48922333333334,217.58862
2022-12-02 22:00:00,188.72550999999999,204.43169
2022-12-02 23:00:00,160.15320583333335,179.85612
2022-12-03 00:00:00,151.39328,157.86131
2022-12-03 01:00:00,141.54081666666667,153.82455
2022-12-03 02:00:00,134.66931250000002,148.46992
2022-12-03 03:00:00,133.4516475,149.7148
2022-12-03 04:00:00,149.17077583333335,154.31
2022-12-03 05:00:00,157.87926333333334,155.77
2022-12-03 06:00:00,156.60406416666666,171.56165
2022-12-03 07:00:00,186.48167750000002,163.32443
2022-12-03 08:00:00,171.8654283333333,139.96501
2022-12-03 09:00:00,144.83793416666666,124.64024
2022-12-03 10:00:00,131.5846,122.57133
2022-12-03 11:00:00,122.3973325,121.20064
2022-12-03 12:00:00,125.70019166666667,117.38863
2022-12-03 13:00:00,141.50877916666667,117.67614
2022-12-03 14:00:00,146.16916833333332,122.66576
2022-12-03 15:00:00,165.52906583333333,149.1386
2022-12-03 16:00:00,163.5426175,177.35114
2022-12-03 17:00:00,157.087655,188.57848
2022-12-03 18:00:00,169.13797916666667,179.12605
2022-12-03 19:00:00,171.9859991666667,179.22034
2022-12-03 20:00:00,167.0571175,175.78702
2022-12-03 21:00:00,154.2385825,173.9116
2022-12-03 22:00:00,149.1454525,152.07944
2022-12-03 23:00:00,130.67419083333334,144.38675
2022-12-04 00:00:00,133.23232416666667,134.96924
2022-12-04 01:00:00,131.2874725,135.92337
2022-12-04 02:00:00,118.97623916666667,128.01086
2022-12-04 03:00:00,119.21999166666666,124.04475
2022-12-04 04:00:00,132.301235,123.77485
2022-12-04 05:00:00,126.20936916666666,135.23384
2022-12-04 06:00:00,135.25744666666665,146.4742
2022-12-04 07:00:00,134.825645,132.92783
2022-12-04 08:00:00,141.36316,129.16718
2022-12-04 09:00:00,131.1561825,119.13965
2022-12-04 10:00:00,105.20951416666666,113.79299
2022-12-04 11:00:00,104.41056083333332,106.98689
2022-12-04 12:00:00,103.70493583333332,101.27789
2022-12-04 13:00:00,93.57798000000001,101.02102
2022-12-04 14:00:00,82.94683166666667,112.44492
2022-12-04 15:00:00,129.77410749999999,133.58568
2022-12-04 16:00:00,161.97833916666667,162.91956
2022-12-04 17:00:00,175.87813083333333,187.1818
2022-12-04 18:00:00,177.66583833333334,160.83945
2022-12-04 19:00:00,181.59965499999998,157.81773
2022-12-04 20:00:00,191.50626083333336,157.81773
2022-12-04 21:00:00,176.36706416666667,154.78407
2022-12-04 22:00:00,161.40823333333333,140.7215
2022-12-04 23:00:00,133.46955083333333,130.44386
2022-12-05 00:00:00,134.33805416666667,124.35969
2022-12-05 01:00:00,127.39328,123.15365
2022-12-05 02:00:00,124.20288916666668,121.6806
2022-12-05 03:00:00,129.13887333333332,121.36074
2022-12-05 04:00:00,138.6318075,125.03519
2022-12-05 05:00:00,152.61089416666667,141.5025
2022-12-05 06:00:00,183.1646175,170.25
2022-12-05 07:00:00,239.663155,172.1255
2022-12-05 08:00:00,130.49266500000002,139.0
2022-12-05 09:00:00,118.4599175,123.8628
2022-12-05 10:00:00,96.69722666666667,115.73316
2022-12-05 11:00:00,86.4679025,105.33098
2022-12-05 12:00:00,80.20353583333333,101.57282
2022-12-05 13:00:00,87.76827666666667,105.87633
2022-12-05 14:00:00,64.652675,109.14129
2022-12-05 15:00:00,157.4399875,139.8361
2022-12-05 16:00:00,206.15580166666666,178.34464
2022-12-05 17:00:00,233.05307666666667,200.00018
2022-12-05 18:00:00,279.44036750000004,184.49463
2022-12-05 19:00:00,196.20215416666667,177.67464
2022-12-05 20:00:00,153.715195,176.67815
2022-12-05 21:00:00,129.4856575,165.24675
2022-12-05 22:00:00,119.8810125,141.9637
2022-12-05 23:00:00,115.29067333333334,130.69984
2022-12-06 00:00:00,123.28035666666666,129.9702
2022-12-06 01:00:00,123.83871083333332,128.08221
2022-12-06 02:00:00,122.00855416666667,125.5286
2022-12-06 03:00:00,125.60723916666666,126.97704
2022-12-06 04:00:00,125.58740833333333,131.84479
2022-12-06 05:00:00,131.64841083333332,146.05621
2022-12-06 06:00:00,140.391645,172.87
2022-12-06 07:00:00,135.62670416666666,172.87
2022-12-06 08:00:00,104.28829416666667,149.10503
2022-12-06 09:00:00,70.58219749999999,140.8723
2022-12-06 10:00:00,84.4886525,130.0
2022-12-06 11:00:00,76.34126166666667,127.99071
2022-12-06 12:00:00,29.215721666666667,124.98442
2022-12-06 13:00:00,42.65131,125.52076
2022-12-06 14:00:00,90.35914916666667,130.35
2022-12-06 15:00:00,117.92418833333333,157.87695
2022-12-06 16:00:00,159.18554666666668,186.58
2022-12-06 17:00:00,172.3801983333333,206.99
2022-12-06 18:00:00,171.29821833333332,190.0
2022-12-06 19:00:00,164.15123916666667,186.0
2022-12-06 20:00:00,153.30128166666665,181.0
2022-12-06 21:00:00,153.46583,171.03
2022-12-06 22:00:00,136.3344766666667,161.62607
2022-12-06 23:00:00,123.95817333333333,149.4
2022-12-07 00:00:00,134.54332,136.93852
2022-12-07 01:00:00,134.50465416666665,129.08788
2022-12-07 02:00:00,134.32768833333333,129.22368
2022-12-07 03:00:00,131.94593666666665,129.77835
2022-12-07 04:00:00,141.61319,132.36919
2022-12-07 05:00:00,155.42085416666666,145.2209
2022-12-07 06:00:00,163.41907416666666,181.61215
2022-12-07 07:00:00,168.57750666666666,178.48239
2022-12-07 08:00:00,193.9284225,148.15982
2022-12-07 09:00:00,194.29636333333335,142.67871
2022-12-07 10:00:00,192.99652416666666,142.39781
2022-12-07 11:00:00,171.341095,138.43317
2022-12-07 12:00:00,195.53471000000002,134.7729
2022-12-07 13:00:00,192.98912166666665,131.3244
2022-12-07 14:00:00,162.72935333333334,139.54852
2022-12-07 15:00:00,139.30150666666665,152.80232
2022-12-07 16:00:00,165.94813333333335,196.05408
2022-12-07 17:00:00,164.33083333333335,217.96
2022-12-07 18:00:00,170.6542,179.65247
2022-12-07 19:00:00,186.02020583333334,173.58524
2022-12-07 20:00:00,225.68633333333332,170.85168
2022-12-07 21:00:00,219.28610333333333,165.59995
2022-12-07 22:00:00,183.06168666666667,151.50449
2022-12-07 23:00:00,166.88470083333334,143.07669
2022-12-08 00:00:00,170.9668825,170.07521
2022-12-08 01:00:00,164.29184666666666,163.7828
2022-12-08 02:00:00,158.98470999999998,160.20091
2022-12-08 03:00:00,161.67862,162.04468
2022-12-08 04:00:00,173.00590666666668,166.71602
2022-12-08 05:00:00,189.84827416666667,193.13713
2022-12-08 06:00:00,214.15386249999997,227.26347
2022-12-08 07:00:00,206.30886916666668,202.0816
2022-12-08 08:00:00,140.5264625,165.37341
2022-12-08 09:00:00,130.973365,150.75642
2022-12-08 10:00:00,132.00981833333333,148.223
2022-12-08 11:00:00,133.78497166666668,140.23781
2022-12-08 12:00:00,134.14217,138.33946
2022-12-08 13:00:00,140.31145333333333,141.43549
2022-12-08 14:00:00,138.35080916666666,150.74371
2022-12-08 15:00:00,189.50203,175.60983
2022-12-08 16:00:00,226.62241416666666,230.25365
2022-12-08 17:00:00,255.62482833333334,246.41711
2022-12-08 18:00:00,276.0402741666667,227.71309
2022-12-08 19:00:00,265.00114083333335,226.22955
2022-12-08 20:00:00,256.5688725,222.32399
2022-12-08 21:00:00,259.15193166666666,210.1273
2022-12-08 22:00:00,224.51128000000003,185.71628
2022-12-08 23:00:00,199.35085416666666,178.10153
2022-12-09 00:00:00,250.66915916666667,246.00262
2022-12-09 01:00:00,251.37243666666666,237.45694
2022-12-09 02:00:00,254.2198975,231.37659
2022-12-09 03:00:00,259.7834966666667,230.58781
2022-12-09 04:00:00,287.4999525,238.84457
2022-12-09 05:00:00,305.78590583333335,283.7133
2022-12-09 06:00:00,399.7325441666667,335.9838
2022-12-09 07:00:00,436.2981291666667,290.08102
2022-12-09 08:00:00,229.66459083333334,238.28139
2022-12-09 09:00:00,205.15105833333334,223.2665
2022-12-09 10:00:00,202.69248833333333,210.60912
2022-12-09 11:00:00,190.03910583333334,201.7157
2022-12-09 12:00:00,147.43626500000002,191.86765
2022-12-09 13:00:00,48.517386666666674,187.93929
2022-12-09 14:00:00,20.632935,208.1508
2022-12-09 15:00:00,216.19844,248.5836
2022-12-09 16:00:00,301.94823333333335,319.22006
2022-12-09 17:00:00,316.7234241666667,336.3651
2022-12-09 18:00:00,325.6337575,324.05374
2022-12-09 19:00:00,331.8002016666667,319.5884
2022-12-09 20:00:00,339.43500166666666,318.0241
2022-12-09 21:00:00,331.0137158333333,315.83975
2022-12-09 22:00:00,325.3643366666667,308.48846
2022-12-09 23:00:00,311.9210375,285.1059
2022-12-10 00:00:00,327.8266175,388.63315
2022-12-10 01:00:00,320.77532916666667,373.30035
2022-12-10 02:00:00,310.62346583333334,348.816
2022-12-10 03:00:00,342.1534466666667,348.0066
2022-12-10 04:00:00,346.6040183333334,347.52515
2022-12-10 05:00:00,320.7547816666667,360.89914
2022-12-10 06:00:00,338.8407683333333,398.917
2022-12-10 07:00:00,300.41528166666666,366.22
2022-12-10 08:00:00,313.24003416666665,326.02
2022-12-10 09:00:00,282.13942000000003,300.5899
2022-12-10 10:00:00,245.15452000000002,303.4
2022-12-10 11:00:00,230.052155,295.96545
2022-12-10 12:00:00,204.29219916666668,293.91895
2022-12-10 13:00:00,142.91253583333332,282.08585
2022-12-10 14:00:00,160.58393916666668,299.00266
2022-12-10 15:00:00,316.88796666666667,353.969
2022-12-10 16:00:00,337.00479666666666,414.28403
2022-12-10 17:00:00,338.07756166666667,426.02
2022-12-10 18:00:00,339.79450583333335,424.10522
2022-12-10 19:00:00,382.9443791666667,414.20142
2022-12-10 20:00:00,369.6889266666667,414.6941
2022-12-10 21:00:00,335.43278833333335,409.30878
2022-12-10 22:00:00,320.10566416666666,389.0379
2022-12-10 23:00:00,329.5766116666667,351.25803
2022-12-11 00:00:00,312.4779916666667,368.2076
2022-12-11 01:00:00,295.22104083333335,363.78738
2022-12-11 02:00:00,282.8415708333333,351.2635
2022-12-11 03:00:00,292.87035583333335,349.64062
2022-12-11 04:00:00,298.87896916666665,349.6554
2022-12-11 05:00:00,312.9394466666667,364.92667
2022-12-11 06:00:00,306.18648333333334,361.16345
2022-12-11 07:00:00,286.5707908333333,346.92346
2022-12-11 08:00:00,184.85346666666666,322.595
2022-12-11 09:00:00,154.18188583333333,317.66092
2022-12-11 10:00:00,237.40917333333334,314.59464
2022-12-11 11:00:00,212.1080925,312.17487
2022-12-11 12:00:00,187.01741916666666,308.16714
2022-12-11 13:00:00,231.10059916666668,307.4299
2022-12-11 14:00:00,276.5727258333333,312.9071
2022-12-11 15:00:00,335.08465666666666,354.48755
2022-12-11 16:00:00,349.64925583333337,426.02
2022-12-11 17:00:00,370.72705666666667,444.26178
2022-12-11 18:00:00,356.05928083333333,431.2851
2022-12-11 19:00:00,362.47188916666664,435.4594
2022-12-11 20:00:00,382.3218166666666,430.75064
2022-12-11 21:00:00,339.6120016666667,425.35788
2022-12-11 22:00:00,314.56853083333334,389.5077
2022-12-11 23:00:00,306.45077166666664,354.64456
2022-12-12 00:00:00,303.41815333333335,360.86368
2022-12-12 01:00:00,308.60022833333335,353.4617
2022-12-12 02:00:00,315.50219250000004,343.48965
2022-12-12 03:00:00,311.7836283333333,342.76758
2022-12-12 04:00:00,331.679595,349.85873
2022-12-12 05:00:00,366.5878041666667,377.96426
2022-12-12 06:00:00,420.6838016666666,479.3649
2022-12-12 07:00:00,416.45314916666666,473.65616
2022-12-12 08:00:00,351.215285,387.6952
2022-12-12 09:00:00,332.32405,355.6126
2022-12-12 10:00:00,321.224945,352.81525
2022-12-12 11:00:00,310.3454883333333,343.91104
2022-12-12 12:00:00,311.00097666666665,332.6514
2022-12-12 13:00:00,284.9312008333333,326.34265
2022-12-12 14:00:00,263.8810875,335.9668
2022-12-12 15:00:00,319.43372166666666,397.6884
2022-12-12 16:00:00,426.0310683333333,496.8652
2022-12-12 17:00:00,451.4843008333333,534.88776
2022-12-12 18:00:00,475.08229916666664,527.3351
2022-12-12 19:00:00,467.1099316666667,512.9554
2022-12-12 20:00:00,483.8356083333333,504.04498
2022-12-12 21:00:00,474.2395933333333,495.92917
2022-12-12 22:00:00,429.65188166666667,422.2789
2022-12-12 23:00:00,370.070825,402.5743
2022-12-13 00:00:00,349.11404666666664,333.7334
2022-12-13 01:00:00,343.6519325,330.42514
2022-12-13 02:00:00,358.6027941666666,332.51895
2022-12-13 03:00:00,358.28347416666674,336.83868
2022-12-13 04:00:00,365.3689566666667,345.18723
2022-12-13 05:00:00,448.6583366666666,386.66382
2022-12-13 06:00:00,503.03964083333335,456.69153
2022-12-13 07:00:00,538.30339,418.40433
2022-12-13 08:00:00,335.6774775,330.1472
2022-12-13 09:00:00,277.9517125,298.06833
2022-12-13 10:00:00,270.21196000000003,286.72342
2022-12-13 11:00:00,234.29438666666667,275.08804
2022-12-13 12:00:00,211.25487083333334,265.01654
2022-12-13 13:00:00,125.81280416666668,263.30795
2022-12-13 14:00:00,105.11524083333332,294.15057
2022-12-13 15:00:00,322.6478583333333,341.78503
2022-12-13 16:00:00,503.08594166666666,437.83203
2022-12-13 17:00:00,496.8963375,454.5
2022-12-13 18:00:00,501.25202916666666,462.44238
2022-12-13 19:00:00,507.1462616666667,443.00632
2022-12-13 20:00:00,542.4632191666667,442.49887
2022-12-13 21:00:00,579.1188825,437.09244
2022-12-13 22:00:00,550.9946,395.49533
2022-12-13 23:00:00,480.56885000000005,362.19815
2022-12-14 00:00:00,480.687985,391.98584
2022-12-14 01:00:00,494.733145,370.6125
2022-12-14 02:00:00,477.1043675,370.3974
2022-12-14 03:00:00,487.01566166666663,371.52737
2022-12-14 04:00:00,499.5253441666666,389.36844
2022-12-14 05:00:00,534.9574308333333,463.8996
2022-12-14 06:00:00,570.9775858333334,526.02
2022-12-14 07:00:00,520.75207,503.83463
2022-12-14 08:00:00,361.78355000000005,369.2572
2022-12-14 09:00:00,306.4826458333333,327.822
2022-12-14 10:00:00,290.1075775,318.75485
2022-12-14 11:00:00,244.99740416666668,307.27786
2022-12-14 12:00:00,222.20946166666667,316.113
2022-12-14 13:00:00,169.6751325,307.3937
2022-12-14 14:00:00,192.31886333333333,345.12387
2022-12-14 15:00:00,373.44428999999997,382.68445
2022-12-14 16:00:00,499.08498583333335,506.80048
2022-12-14 17:00:00,502.1449275,558.34125
2022-12-14 18:00:00,497.04408083333334,546.1094
2022-12-14 19:00:00,523.6256458333334,515.70746
2022-12-14 20:00:00,581.9049533333333,508.09436
2022-12-14 21:00:00,591.2918091666667,500.10806
2022-12-14 22:00:00,522.526625,459.82254
2022-12-14 23:00:00,448.6557833333334,420.96454
2022-12-15 00:00:00,318.1657583333333,282.0966
2022-12-15 01:00:00,304.65419,264.535
2022-12-15 02:00:00,303.1498925,264.47452
2022-12-15 03:00:00,311.3133716666667,263.1181
2022-12-15 04:00:00,321.6080766666667,279.5264
2022-12-15 05:00:00,324.48785583333336,300.2826
2022-12-15 06:00:00,365.26794333333333,350.67
2022-12-15 07:00:00,362.66530916666665,326.22052
2022-12-15 08:00:00,244.94339166666668,271.38528
2022-12-15 09:00:00,193.43713916666664,230.00032
2022-12-15 10:00:00,166.995855,220.03827
2022-12-15 11:00:00,128.03024666666667,203.7734
2022-12-15 12:00:00,151.506485,202.13667
2022-12-15 13:00:00,169.04217083333333,200.91772
2022-12-15 14:00:00,184.0702625,226.20676
2022-12-15 15:00:00,283.1021416666667,270.8017
2022-12-15 16:00:00,310.8137066666667,325.7675
2022-12-15 17:00:00,305.82321583333334,356.13834
2022-12-15 18:00:00,317.24551333333335,351.6986
2022-12-15 19:00:00,327.6260075,330.87302
2022-12-15 20:00:00,346.2146025,323.53818
2022-12-15 21:00:00,337.67569083333336,313.25583
2022-12-15 22:00:00,318.5920908333333,299.06232
2022-12-15 23:00:00,284.8338575,279.98596
2022-12-16 00:00:00,302.4330108333333,315.8081
2022-12-16 01:00:00,294.9824658333333,308.61804
2022-12-16 02:00:00,296.20917583333335,298.3651
2022-12-16 03:00:00,291.90019333333333,300.5222
2022-12-16 04:00:00,293.8971475,324.97632
2022-12-16 05:00:00,305.08886416666667,359.58493
2022-12-16 06:00:00,337.43192416666665,419.03104
2022-12-16 07:00:00,352.50936333333334,394.62
2022-12-16 08:00:00,303.40860583333335,303.07727
2022-12-16 09:00:00,250.01636583333334,255.74435
2022-12-16 10:00:00,208.12320916666667,245.41039
2022-12-16 11:00:00,139.14373416666666,226.38634
2022-12-16 12:00:00,140.64296,209.78033
2022-12-16 13:00:00,119.97197,203.37703
2022-12-16 14:00:00,111.46904166666667,226.86404
2022-12-16 15:00:00,236.85782583333332,282.6337
2022-12-16 16:00:00,358.16688,396.93835
2022-12-16 17:00:00,366.39990916666665,422.85394
2022-12-16 18:00:00,345.8869016666667,410.97485
2022-12-16 19:00:00,346.7221833333333,402.01352
2022-12-16 20:00:00,377.85232333333335,400.98532
2022-12-16 21:00:00,375.703675,388.90912
2022-12-16 22:00:00,336.43634333333335,372.42062
2022-12-16 23:00:00,290.23957,343.18842
2022-12-17 00:00:00,279.28847583333334,296.1857
2022-12-17 01:00:00,277.2158816666667,281.9334
2022-12-17 02:00:00,279.6135291666667,275.40192
2022-12-17 03:00:00,282.0399683333333,275.557
2022-12-17 04:00:00,280.1138725,276.94537
2022-12-17 05:00:00,288.5736416666667,296.31726
2022-12-17 06:00:00,304.94853666666666,323.02463
2022-12-17 07:00:00,265.62736666666666,293.6225
2022-12-17 08:00:00,221.0206691666667,246.31764
2022-12-17 09:00:00,215.12384666666665,226.72409
2022-12-17 10:00:00,202.01938499999997,214.03668
2022-12-17 11:00:00,171.76102666666668,211.26964
2022-12-17 12:00:00,144.1301075,206.5801
2022-12-17 13:00:00,178.08166416666666,212.223
2022-12-17 14:00:00,210.3565475,223.6459
2022-12-17 15:00:00,256.07907083333333,269.28253
2022-12-17 16:00:00,292.41494083333333,326.0279
2022-12-17 17:00:00,282.21416416666665,348.98727
2022-12-17 18:00:00,254.24957916666668,341.93
2022-12-17 19:00:00,301.84203916666667,326.54
2022-12-17 20:00:00,320.862135,327.34665
2022-12-17 21:00:00,314.02634666666665,325.33923
2022-12-17 22:00:00,297.384755,317.5917
2022-12-17 23:00:00,261.6443341666667,297.0541
2022-12-18 00:00:00,239.2195,256.3118
2022-12-18 01:00:00,238.71120166666665,253.86519
2022-12-18 02:00:00,228.54281916666665,244.20831
2022-12-18 03:00:00,222.09379583333336,245.55322
2022-12-18 04:00:00,237.22226666666666,244.72118
2022-12-18 05:00:00,248.18741250000002,245.93025
2022-12-18 06:00:00,267.76040083333334,257.075
2022-12-18 07:00:00,333.17074833333334,250.05096
2022-12-18 08:00:00,275.73011916666667,234.67833
2022-12-18 09:00:00,214.66266499999998,201.2285
2022-12-18 10:00:00,192.19103833333335,185.75696
2022-12-18 11:00:00,204.13057583333332,176.92036
2022-12-18 12:00:00,185.69559583333333,166.55373
2022-12-18 13:00:00,159.18254,168.36697
2022-12-18 14:00:00,137.8261125,180.22826
2022-12-18 15:00:00,215.09778833333334,234.1123
2022-12-18 16:00:00,263.5257208333333,297.78647
2022-12-18 17:00:00,300.37872250000004,306.61423
2022-12-18 18:00:00,295.9482708333333,305.37924
2022-12-18 19:00:00,292.7065333333333,306.0452
2022-12-18 20:00:00,292.3834575,304.19272
2022-12-18 21:00:00,285.5156558333333,301.12234
2022-12-18 22:00:00,288.6464675,293.22333
2022-12-18 23:00:00,255.47870999999998,246.11282
2022-12-19 00:00:00,282.4684,258.27075
2022-12-19 01:00:00,285.4721758333333,256.24905
2022-12-19 02:00:00,286.4991025,256.41608
2022-12-19 03:00:00,289.2112525,252.61942
2022-12-19 04:00:00,314.70454,260.48312
2022-12-19 05:00:00,357.3185875,285.4163
2022-12-19 06:00:00,413.0747875,384.7848
2022-12-19 07:00:00,384.7106058333333,351.4227
2022-12-19 08:00:00,239.42877083333335,264.66876
2022-12-19 09:00:00,208.50471166666668,241.89137
2022-12-19 10:00:00,203.29973500000003,227.24934
2022-12-19 11:00:00,199.85863333333336,219.44289
2022-12-19 12:00:00,191.4635483333333,220.20174
2022-12-19 13:00:00,133.1268875,217.55943
2022-12-19 14:00:00,47.09225583333333,226.10686
2022-12-19 15:00:00,276.58675583333337,268.17047
2022-12-19 16:00:00,341.28491,352.9739
2022-12-19 17:00:00,352.1483958333333,406.403
2022-12-19 18:00:00,361.5056866666667,380.9458
2022-12-19 19:00:00,369.44219,355.2078
2022-12-19 20:00:00,372.6814091666667,361.49963
2022-12-19 21:00:00,371.3018958333334,355.26993
2022-12-19 22:00:00,365.5346816666667,316.9918
2022-12-19 23:00:00,341.6362775,295.02875
2022-12-20 00:00:00,357.0063741666667,342.3296
2022-12-20 01:00:00,349.51708749999995,325.42673
2022-12-20 02:00:00,375.02091249999995,311.90192
2022-12-20 03:00:00,395.59590000000003,307.6834
2022-12-20 04:00:00,412.58000666666663,328.5728
2022-12-20 05:00:00,424.0995833333333,355.9825
2022-12-20 06:00:00,442.2465041666667,381.30585
2022-12-20 07:00:00,848.2361333333333,390.68808
2022-12-20 08:00:00,677.4965725000001,330.74603
2022-12-20 09:00:00,298.57017,284.68225
2022-12-20 10:00:00,253.7634383333333,264.26807
2022-12-20 11:00:00,229.57795166666665,235.99117
2022-12-20 12:00:00,224.27509083333334,227.76788
2022-12-20 13:00:00,214.95174333333333,224.1588
2022-12-20 14:00:00,226.94464916666666,230.00491
2022-12-20 15:00:00,271.0262825,290.072
2022-12-20 16:00:00,343.061845,363.0715
2022-12-20 17:00:00,352.5567408333333,387.4301
2022-12-20 18:00:00,358.35255750000005,365.76227
2022-12-20 19:00:00,361.6611958333333,364.39908
2022-12-20 20:00:00,359.8825391666667,360.87085
2022-12-20 21:00:00,360.384125,355.222
2022-12-20 22:00:00,358.32106500000003,315.5567
2022-12-20 23:00:00,336.5578766666667,310.06464
2022-12-21 00:00:00,293.17746,273.71155
2022-12-21 01:00:00,285.5309833333333,267.78635
2022-12-21 02:00:00,280.40926666666667,268.014
2022-12-21 03:00:00,273.67150250000003,270.62122
2022-12-21 04:00:00,273.64975,277.86136
2022-12-21 05:00:00,284.9436,305.35
2022-12-21 06:00:00,326.1467866666666,364.0
2022-12-21 07:00:00,332.24639666666667,334.2
2022-12-21 08:00:00,218.2220025,259.25583
2022-12-21 09:00:00,156.223695,228.97527
2022-12-21 10:00:00,164.14317833333334,208.11166
2022-12-21 11:00:00,143.970475,198.39658
2022-12-21 12:00:00,103.48248416666667,193.77483
2022-12-21 13:00:00,62.61434583333334,192.60136
2022-12-21 14:00:00,76.0692275,201.31168
2022-12-21 15:00:00,223.80858249999997,254.17735
2022-12-21 16:00:00,320.4344658333334,320.6722
2022-12-21 17:00:00,325.3225708333334,347.4536
2022-12-21 18:00:00,331.7886966666667,325.2244
2022-12-21 19:00:00,329.96771916666665,322.64352
2022-12-21 20:00:00,377.75822666666664,321.9574
2022-12-21 21:00:00,405.039155,320.63837
2022-12-21 22:00:00,330.07186583333333,279.31924
2022-12-21 23:00:00,297.83350333333334,265.97076
2022-12-22 00:00:00,278.74752916666665,457.538
2022-12-22 01:00:00,458.07288833333337,452.5414
2022-12-22 02:00:00,458.680495,451.54675
2022-12-22 03:00:00,477.1658483333333,451.80777
2022-12-22 04:00:00,477.23950083333335,453.81418
2022-12-22 05:00:00,489.23711583333335,501.3262
2022-12-22 06:00:00,570.9609091666667,581.8711
2022-12-22 07:00:00,540.4781808333333,557.46765
2022-12-22 08:00:00,437.7154816666667,454.3458
2022-12-22 09:00:00,327.39468500000004,396.27255
2022-12-22 10:00:00,321.7981683333333,373.20563
2022-12-22 11:00:00,317.6315833333333,357.5583
2022-12-22 12:00:00,300.9093875,362.18033
2022-12-22 13:00:00,343.46553833333337,363.96964
2022-12-22 14:00:00,391.3876266666667,395.2368
2022-12-22 15:00:00,485.7337141666667,504.09088
2022-12-22 16:00:00,474.04353999999995,577.6703
2022-12-22 17:00:00,532.819155,600.0377
2022-12-22 18:00:00,541.7515325,587.05316
2022-12-22 19:00:00,526.2053591666667,576.41724
2022-12-22 20:00:00,513.8826583333333,572.1722
2022-12-22 21:00:00,536.0812591666667,560.42523
2022-12-22 22:00:00,544.0036833333332,503.18726
2022-12-22 23:00:00,413.4030883333333,465.3944
2022-12-23 00:00:00,357.58636666666666,337.48486
2022-12-23 01:00:00,336.06301666666667,328.42172
2022-12-23 02:00:00,332.6775166666667,324.06982
2022-12-23 03:00:00,333.56671666666665,325.68475
2022-12-23 04:00:00,333.0374,329.78116
2022-12-23 05:00:00,345.27055333333334,358.9869
2022-12-23 06:00:00,327.33986666666664,393.5419
2022-12-23 07:00:00,304.1943825,356.68683
2022-12-23 08:00:00,273.4092225,300.07053
2022-12-23 09:00:00,237.18058416666668,271.6616
2022-12-23 10:00:00,234.9552841666667,250.16742
2022-12-23 11:00:00,235.30475750000002,238.0552
2022-12-23 12:00:00,213.31442083333332,233.64175
2022-12-23 13:00:00,203.74999,225.43153
2022-12-23 14:00:00,195.40800249999998,235.71481
2022-12-23 15:00:00,231.59631666666667,300.05682
2022-12-23 16:00:00,315.73173333333335,379.06012
2022-12-23 17:00:00,311.96892166666663,404.51022
2022-12-23 18:00:00,300.80768333333333,385.66934
2022-12-23 19:00:00,295.91467666666665,380.62482
2022-12-23 20:00:00,290.0624666666667,379.86014
2022-12-23 21:00:00,295.2515333333333,367.68903
2022-12-23 22:00:00,285.5049925,331.59872
2022-12-23 23:00:00,280.8394616666667,304.09683
2022-12-24 00:00:00,303.4526358333333,329.33472
2022-12-24 01:00:00,302.8041666666667,319.08875
2022-12-24 02:00:00,275.39774083333333,311.02493
2022-12-24 03:00:00,273.1642133333333,306.37326
2022-12-24 04:00:00,272.4878458333333,310.66708
2022-12-24 05:00:00,270.43200083333335,308.61432
2022-12-24 06:00:00,271.0675966666667,320.357
2022-12-24 07:00:00,264.1108225,305.3432
2022-12-24 08:00:00,202.51787833333333,278.52298
2022-12-24 09:00:00,64.56468083333333,242.8776
2022-12-24 10:00:00,27.929396666666666,230.18489
2022-12-24 11:00:00,18.0214125,218.83566
2022-12-24 12:00:00,11.7780925,212.55486
2022-12-24 13:00:00,7.5512274999999995,208.96481
2022-12-24 14:00:00,12.623743333333332,226.26057
2022-12-24 15:00:00,201.54241166666668,286.7709
2022-12-24 16:00:00,267.6353208333333,363.6774
2022-12-24 17:00:00,267.6388475,407.28586
2022-12-24 18:00:00,254.48975916666666,389.69934
2022-12-24 19:00:00,247.82768166666665,384.3489
2022-12-24 20:00:00,244.20360333333335,371.75934
2022-12-24 21:00:00,239.49550333333332,360.49243
2022-12-24 22:00:00,248.63166583333336,348.8377
2022-12-24 23:00:00,236.32667083333334,325.81152
2022-12-25 00:00:00,241.3109375,300.0
2022-12-25 01:00:00,234.98001416666668,306.06583
2022-12-25 02:00:00,226.45930583333333,295.95377
2022-12-25 03:00:00,225.25828750000002,291.98483
2022-12-25 04:00:00,211.96821250000002,301.51266
2022-12-25 05:00:00,213.21180833333332,304.50183
2022-12-25 06:00:00,219.58357333333333,301.0002
2022-12-25 07:00:00,202.835505,290.2437
2022-12-25 08:00:00,115.192435,259.9202
2022-12-25 09:00:00,22.12595,215.49294
2022-12-25 10:00:00,15.168403333333332,183.99094
2022-12-25 11:00:00,1.5919441666666667,179.16121
2022-12-25 12:00:00,-2.6080191666666663,189.46687
2022-12-25 13:00:00,16.91185,189.73717
2022-12-25 14:00:00,18.918068333333334,214.10219
2022-12-25 15:00:00,116.44965,271.44824
2022-12-25 16:00:00,222.5822658333333,325.94992
2022-12-25 17:00:00,218.71031833333333,351.1337
2022-12-25 18:00:00,215.41287916666667,346.84644
2022-12-25 19:00:00,217.46585083333335,346.21188
2022-12-25 20:00:00,222.54371,338.8017
2022-12-25 21:00:00,220.53813749999998,327.0
2022-12-25 22:00:00,213.1329825,318.29608
2022-12-25 23:00:00,215.67518499999997,309.11533
2022-12-26 00:00:00,236.85604249999997,304.69446
2022-12-26 01:00:00,231.5817033333333,298.5122
2022-12-26 02:00:00,229.2979091666667,287.52655
2022-12-26 03:00:00,233.81789666666668,285.06525
2022-12-26 04:00:00,235.4524225,288.8598
2022-12-26 05:00:00,248.5590116666667,289.66354
2022-12-26 06:00:00,247.6228,301.99066
2022-12-26 07:00:00,233.0057125,280.6489
2022-12-26 08:00:00,184.20151083333334,267.2037
2022-12-26 09:00:00,179.23982999999998,241.16202
2022-12-26 10:00:00,192.84744166666667,221.0434
2022-12-26 11:00:00,212.69693416666667,218.61732
2022-12-26 12:00:00,194.69065250000003,225.22954
2022-12-26 13:00:00,229.90341249999997,224.77135
2022-12-26 14:00:00,314.73185083333334,257.57874
2022-12-26 15:00:00,334.28237416666667,296.20074
2022-12-26 16:00:00,318.56591,379.00388
2022-12-26 17:00:00,310.8147,383.2577
2022-12-26 18:00:00,308.3579608333333,369.8111
2022-12-26 19:00:00,288.45912500000003,362.9501
2022-12-26 20:00:00,265.2052425,359.1628
2022-12-26 21:00:00,247.0246975,350.24112
2022-12-26 22:00:00,218.50624666666667,308.45856
2022-12-26 23:00:00,203.3487716666667,293.69144
2022-12-27 00:00:00,196.74918749999998,289.8989
2022-12-27 01:00:00,179.03656166666667,280.6061
2022-12-27 02:00:00,139.81375833333334,277.14236
2022-12-27 03:00:00,147.804375,275.58807
2022-12-27 04:00:00,156.57073416666665,275.56998
2022-12-27 05:00:00,169.264705,288.702
2022-12-27 06:00:00,190.50666,310.73093
2022-12-27 07:00:00,202.18331249999997,312.357
2022-12-27 08:00:00,228.80324166666665,301.78906
2022-12-27 09:00:00,203.5285125,296.7926
2022-12-27 10:00:00,185.56384500000001,283.7399
2022-12-27 11:00:00,175.1615575,279.0499
2022-12-27 12:00:00,193.57044666666664,281.25748
2022-12-27 13:00:00,208.92960000000002,280.80453
2022-12-27 14:00:00,228.84581166666666,296.75427
2022-12-27 15:00:00,227.02659333333335,330.19626
2022-12-27 16:00:00,227.27467750000002,340.58807
2022-12-27 17:00:00,230.27983583333332,340.54333
2022-12-27 18:00:00,225.55047166666668,338.10266
2022-12-27 19:00:00,194.05294166666667,334.04196
2022-12-27 20:00:00,200.40520916666665,324.6
2022-12-27 21:00:00,170.36740916666668,312.25107
2022-12-27 22:00:00,150.65188416666666,295.11038
2022-12-27 23:00:00,97.97231916666668,286.05927
2022-12-28 00:00:00,111.0366,195.6097
2022-12-28 01:00:00,97.22962,197.60646
2022-12-28 02:00:00,77.91370166666667,195.49007
2022-12-28 03:00:00,95.05731666666667,197.0274
2022-12-28 04:00:00,114.49724666666667,197.6078
2022-12-28 05:00:00,157.85781416666666,210.10533
2022-12-28 06:00:00,143.32379166666666,242.22758
2022-12-28 07:00:00,149.38292416666667,239.66103
2022-12-28 08:00:00,69.24309333333333,214.08945
2022-12-28 09:00:00,48.0138375,197.0155
2022-12-28 10:00:00,42.16764333333334,178.11307
2022-12-28 11:00:00,48.30989333333333,164.6842
2022-12-28 12:00:00,47.208245833333336,159.32529
2022-12-28 13:00:00,29.517606666666666,152.6357
2022-12-28 14:00:00,25.486683333333332,169.97636
2022-12-28 15:00:00,106.00066583333334,210.31256
2022-12-28 16:00:00,240.64933583333334,252.19536
2022-12-28 17:00:00,201.9138225,279.97742
2022-12-28 18:00:00,190.91101916666665,266.22238
2022-12-28 19:00:00,190.04106000000002,265.6859
2022-12-28 20:00:00,194.71394916666668,260.31967
2022-12-28 21:00:00,201.59073750000002,253.35577
2022-12-28 22:00:00,190.58564583333336,236.53703
2022-12-28 23:00:00,180.7201716666667,226.8585
2022-12-29 00:00:00,153.68010583333333,165.60306
2022-12-29 01:00:00,156.13750083333335,161.61063
2022-12-29 02:00:00,153.69339,160.42708
2022-12-29 03:00:00,152.894945,156.79037
2022-12-29 04:00:00,163.81609083333333,158.31436
2022-12-29 05:00:00,173.97692666666669,167.55685
2022-12-29 06:00:00,171.10918,186.8439
2022-12-29 07:00:00,173.5902841666667,185.59116
2022-12-29 08:00:00,193.42331166666668,179.02565
2022-12-29 09:00:00,200.2761025,169.40431
2022-12-29 10:00:00,180.151175,161.60793
2022-12-29 11:00:00,158.95147166666666,160.07098
2022-12-29 12:00:00,158.95987833333334,158.81467
2022-12-29 13:00:00,152.32562333333334,159.20367
2022-12-29 14:00:00,156.37856916666667,168.18501
2022-12-29 15:00:00,161.0308025,186.69318
2022-12-29 16:00:00,177.61658333333332,216.2663
2022-12-29 17:00:00,185.097565,227.51448
2022-12-29 18:00:00,180.1271608333333,217.56853
2022-12-29 19:00:00,170.39257166666667,216.73875
2022-12-29 20:00:00,163.80794916666665,215.4836
2022-12-29 21:00:00,166.84218166666668,204.063
2022-12-29 22:00:00,161.23546583333334,185.92043
2022-12-29 23:00:00,146.44478999999998,179.30733
2022-12-30 00:00:00,121.20830583333333,132.0241
2022-12-30 01:00:00,114.34070333333334,126.19841
2022-12-30 02:00:00,109.08319333333333,121.92049
2022-12-30 03:00:00,100.29562583333335,121.55112
2022-12-30 04:00:00,104.67702333333334,122.75594
2022-12-30 05:00:00,102.24299916666666,124.02074
2022-12-30 06:00:00,97.49261833333333,134.12839
2022-12-30 07:00:00,94.84697666666666,138.25879
2022-12-30 08:00:00,102.33670666666667,135.96
2022-12-30 09:00:00,99.819725,124.91625
2022-12-30 10:00:00,87.57679916666666,116.82532
2022-12-30 11:00:00,84.99254583333332,116.53658
2022-12-30 12:00:00,76.20226666666666,113.94694
2022-12-30 13:00:00,78.51052666666666,111.81865
2022-12-30 14:00:00,84.48930583333333,118.07252
2022-12-30 15:00:00,92.3770925,129.27647
2022-12-30 16:00:00,119.3217325,148.40668
2022-12-30 17:00:00,127.5363225,155.0346
2022-12-30 18:00:00,115.13512916666667,150.60448
2022-12-30 19:00:00,112.23935833333333,149.51717
2022-12-30 20:00:00,110.708775,143.0498
2022-12-30 21:00:00,103.39269,139.0841
2022-12-30 22:00:00,97.9264975,132.11266
2022-12-30 23:00:00,78.195875,126.76566
2022-12-31 00:00:00,85.49709916666666,110.51189
2022-12-31 01:00:00,87.794585,109.04739
2022-12-31 02:00:00,91.11114666666667,108.99771
2022-12-31 03:00:00,85.86212166666667,105.86376
2022-12-31 04:00:00,82.43126583333333,108.64591
2022-12-31 05:00:00,91.389955,110.69489
2022-12-31 06:00:00,90.11679249999999,111.31761
2022-12-31 07:00:00,89.02649083333334,110.23495
2022-12-31 08:00:00,86.34170333333333,115.42862
2022-12-31 09:00:00,87.94396583333334,114.4701
2022-12-31 10:00:00,90.33667416666667,113.39033
2022-12-31 11:00:00,85.2264825,110.56552
2022-12-31 12:00:00,85.39443916666666,109.72655
2022-12-31 13:00:00,98.8722225,110.31987
2022-12-31 14:00:00,99.81532833333334,114.63938
2022-12-31 15:00:00,109.20533,123.24866
2022-12-31 16:00:00,109.66325416666666,137.9656
2022-12-31 17:00:00,117.86484666666666,148.05766
2022-12-31 18:00:00,103.25118083333332,142.85312
2022-12-31 19:00:00,104.33220666666666,138.49821
2022-12-31 20:00:00,101.48458166666667,134.27605
2022-12-31 21:00:00,105.55093666666666,127.00922
2022-12-31 22:00:00,116.74540083333333,120.27866
2022-12-31 23:00:00,121.25169583333333,120.42108
