,model_name,temp_uncertainty,test_error,test_std,Season
0,linears,0,152.74685715183435,0.0,Winter
1,linears,1,159.91977904105747,1.2138298401081284,Winter
2,linears,2,164.83265906219938,2.054243922445443,Winter
3,linears,3,173.5151085882726,2.777337354543263,Winter
4,linears,4,185.64240553700628,4.110968395705858,Winter
5,linears,5,201.10265550755955,4.886491301806793,Winter
6,linears,6,221.8766489112585,5.785052177359149,Winter
7,linears,7,242.89898219709607,5.835389013763662,Winter
8,linears,8,267.76947561006614,8.081638956551464,Winter
9,linears,9,293.9365500434389,9.157178602928882,Winter
10,linears,10,322.47809025286017,10.999441723409342,Winter
11,ridges,0,153.53538700581345,0.0,Winter
12,ridges,1,159.66747979870775,1.2137811493055164,Winter
13,ridges,2,164.58591339681726,2.0431394381949537,Winter
14,ridges,3,172.574513289656,2.9996506590660728,Winter
15,ridges,4,184.1869681288728,3.820280466753973,Winter
16,ridges,5,198.89274261877287,4.50022751612357,Winter
17,ridges,6,217.55537431905907,5.830735364749489,Winter
18,ridges,7,238.67255085092012,7.517412368546721,Winter
19,ridges,8,262.3192944902544,7.736591809485986,Winter
20,ridges,9,286.77625641909833,8.75141258136707,Winter
21,ridges,10,312.27024774591774,9.338727378506926,Winter
22,lassos,0,153.08960920141743,0.0,Winter
23,lassos,1,158.46717901118967,1.0975271364875197,Winter
24,lassos,2,163.15271260989556,1.9779155178698122,Winter
25,lassos,3,170.01104820661783,2.7855941615907205,Winter
26,lassos,4,179.99958444518947,3.8053112174949772,Winter
27,lassos,5,194.6533191163267,4.2921530955886515,Winter
28,lassos,6,212.1087400165175,5.299942813124807,Winter
29,lassos,7,230.75578793884935,6.464455271969524,Winter
30,lassos,8,254.47795987317363,8.13968293392546,Winter
31,lassos,9,277.5577894749477,8.75300149781408,Winter
32,lassos,10,302.75907845963667,10.011978467086168,Winter
33,xgb_best_per_hour,0,137.20711907916254,0.0,Winter
34,xgb_best_per_hour,1,139.2147920236073,1.1279338354055886,Winter
35,xgb_best_per_hour,2,143.25961137063473,1.9387040006096823,Winter
36,xgb_best_per_hour,3,147.82572565148138,2.8190693732499605,Winter
37,xgb_best_per_hour,4,154.49909812274902,2.8515236777563895,Winter
38,xgb_best_per_hour,5,160.11699627474746,3.0611509987221464,Winter
39,xgb_best_per_hour,6,166.49714273273375,3.51061601439155,Winter
40,xgb_best_per_hour,7,171.51611520484965,3.824464427448081,Winter
41,xgb_best_per_hour,8,177.88368267814326,4.274617574404577,Winter
42,xgb_best_per_hour,9,183.93409031443093,4.243317015079172,Winter
43,xgb_best_per_hour,10,188.79188718725166,3.861172732298982,Winter
44,xgb_best_max_hour,0,137.29708143221447,0.0,Winter
45,xgb_best_max_hour,1,140.1805457451781,1.0400244033105814,Winter
46,xgb_best_max_hour,2,143.94229321053592,1.8391323154364223,Winter
47,xgb_best_max_hour,3,149.5323326748536,2.920879864734124,Winter
48,xgb_best_max_hour,4,155.34572081556394,3.2749047323322387,Winter
49,xgb_best_max_hour,5,162.56736421004726,3.5377466283294234,Winter
50,xgb_best_max_hour,6,167.8958512827079,4.038064398821353,Winter
51,xgb_best_max_hour,7,174.08266087925205,4.017882198642225,Winter
52,xgb_best_max_hour,8,178.98674942595696,3.98870133319672,Winter
53,xgb_best_max_hour,9,184.44675521399458,4.653476935466955,Winter
54,xgb_best_max_hour,10,189.27462271177973,4.8930097683171345,Winter
55,lin_xgb_best_per_hour,0,152.80721414458418,0.0,Winter
56,lin_xgb_best_per_hour,1,153.1697584943537,1.4088370896590379,Winter
57,lin_xgb_best_per_hour,2,164.71921699119972,2.8529908321569906,Winter
58,lin_xgb_best_per_hour,3,182.52104085363084,3.5257818774611644,Winter
59,lin_xgb_best_per_hour,4,202.56831667642965,4.549494905297718,Winter
60,lin_xgb_best_per_hour,5,227.14631786944992,5.615287675594859,Winter
61,lin_xgb_best_per_hour,6,252.80742542678723,7.183944330936545,Winter
62,lin_xgb_best_per_hour,7,278.9068535363619,7.71137919131215,Winter
63,lin_xgb_best_per_hour,8,306.38347975036964,8.971819866445736,Winter
64,lin_xgb_best_per_hour,9,338.2687420678174,10.546217032651644,Winter
65,lin_xgb_best_per_hour,10,368.94899342995967,12.229217793986527,Winter
66,lin_xgb_best_max_hour,0,150.9488139880856,0.0,Winter
67,lin_xgb_best_max_hour,1,152.14332836356408,1.3886464119255262,Winter
68,lin_xgb_best_max_hour,2,163.58986142982388,2.717136309141418,Winter
69,lin_xgb_best_max_hour,3,179.80170186145446,3.512969849210278,Winter
70,lin_xgb_best_max_hour,4,200.88445498233287,5.109157983472452,Winter
71,lin_xgb_best_max_hour,5,224.01935504599,5.406230833405696,Winter
72,lin_xgb_best_max_hour,6,248.36621235246753,5.886003030508163,Winter
73,lin_xgb_best_max_hour,7,275.69501373319383,8.282286540603009,Winter
74,lin_xgb_best_max_hour,8,303.8083675976667,10.210395138835365,Winter
75,lin_xgb_best_max_hour,9,333.55995312201674,10.895056126841979,Winter
76,lin_xgb_best_max_hour,10,365.89808578043494,11.994746164761212,Winter
0,linears,0,170.67282143471184,0.0,Summer
1,linears,1,172.88173029559607,0.7602993437862955,Summer
2,linears,2,177.3165314315016,1.5876442360403957,Summer
3,linears,3,183.45354750200397,1.9305802555265568,Summer
4,linears,4,192.00668447017804,2.935610564057555,Summer
5,linears,5,201.71015163237243,3.188630719233297,Summer
6,linears,6,214.08293350867262,4.0053474397426045,Summer
7,linears,7,226.31581930684172,4.020784154665119,Summer
8,linears,8,241.1946937985973,4.801966311328622,Summer
9,linears,9,255.9748879421969,6.084302107065271,Summer
10,linears,10,272.93378548402296,5.833095846219959,Summer
11,ridges,0,173.34369816075022,0.0,Summer
12,ridges,1,175.5395267561294,0.8304480076777643,Summer
13,ridges,2,179.41101833024914,1.5491285717654038,Summer
14,ridges,3,185.89118168396124,2.1570933895811275,Summer
15,ridges,4,193.54719698854956,2.9991676744386297,Summer
16,ridges,5,203.23791947956497,3.473663005472717,Summer
17,ridges,6,213.508268255207,3.8261606112887296,Summer
18,ridges,7,226.33253376101624,4.557857869101829,Summer
19,ridges,8,239.31189731916302,4.469320471052238,Summer
20,ridges,9,255.04744552364926,5.6925798507350365,Summer
21,ridges,10,269.9596626807403,6.357629132385417,Summer
22,lassos,0,172.8599128064264,0.0,Summer
23,lassos,1,174.86515468858886,0.7496398765289849,Summer
24,lassos,2,178.97257958638872,1.5069524411591357,Summer
25,lassos,3,185.15742921179023,2.2891010020180405,Summer
26,lassos,4,192.86914252919357,2.7182891727744045,Summer
27,lassos,5,202.99523851697282,3.2102241870781194,Summer
28,lassos,6,213.212990626353,3.9980923203122867,Summer
29,lassos,7,225.50025550178327,4.52001859809345,Summer
30,lassos,8,237.4630265611531,4.671111229104576,Summer
31,lassos,9,253.81323192928838,4.906189638755547,Summer
32,lassos,10,268.3802036725967,6.384413600390609,Summer
33,xgb_best_per_hour,0,187.36801685462152,0.0,Summer
34,xgb_best_per_hour,1,193.81133753356255,1.6851304335271335,Summer
35,xgb_best_per_hour,2,207.19366492723853,2.887462890709314,Summer
36,xgb_best_per_hour,3,225.633741981663,3.8871017482955845,Summer
37,xgb_best_per_hour,4,243.9906579422382,4.898944902768493,Summer
38,xgb_best_per_hour,5,260.1562821097093,5.642851758320569,Summer
39,xgb_best_per_hour,6,278.1312353189837,6.377151984192994,Summer
40,xgb_best_per_hour,7,290.4953345626588,7.188841389436954,Summer
41,xgb_best_per_hour,8,304.03955887292136,7.448368466913455,Summer
42,xgb_best_per_hour,9,314.10537059548847,6.91990431878391,Summer
43,xgb_best_per_hour,10,324.8059811202313,8.351124911147785,Summer
44,xgb_best_max_hour,0,186.07309933916494,0.0,Summer
45,xgb_best_max_hour,1,192.95294701735358,1.3941811079594015,Summer
46,xgb_best_max_hour,2,207.17700329424554,2.837338401397562,Summer
47,xgb_best_max_hour,3,224.2429869342979,3.9204058095003163,Summer
48,xgb_best_max_hour,4,242.10356049863077,5.359416349731374,Summer
49,xgb_best_max_hour,5,258.3916794025552,5.809131871620677,Summer
50,xgb_best_max_hour,6,274.98748151794615,5.931491909283432,Summer
51,xgb_best_max_hour,7,288.72017230820484,7.210680193662705,Summer
52,xgb_best_max_hour,8,301.3093231300356,7.417447405801568,Summer
53,xgb_best_max_hour,9,310.8456083517945,8.36763461482416,Summer
54,xgb_best_max_hour,10,320.5377126966945,7.500000452665921,Summer
55,lin_xgb_best_per_hour,0,149.96736220284498,0.0,Summer
56,lin_xgb_best_per_hour,1,157.66418649504743,1.5246669128037083,Summer
57,lin_xgb_best_per_hour,2,168.42548009243316,2.287131193747142,Summer
58,lin_xgb_best_per_hour,3,183.8765904637443,3.3395888346454603,Summer
59,lin_xgb_best_per_hour,4,201.4357244438375,4.120767868052637,Summer
60,lin_xgb_best_per_hour,5,220.4368140448722,5.187652742989478,Summer
61,lin_xgb_best_per_hour,6,239.26597175169377,5.680175847174439,Summer
62,lin_xgb_best_per_hour,7,258.46937421592645,6.042877000300949,Summer
63,lin_xgb_best_per_hour,8,279.2033968467762,7.783399130478626,Summer
64,lin_xgb_best_per_hour,9,301.204681306546,7.08890814062925,Summer
65,lin_xgb_best_per_hour,10,322.61821755480526,8.425092092826874,Summer
66,lin_xgb_best_max_hour,0,149.77949187648008,0.0,Summer
67,lin_xgb_best_max_hour,1,158.9794966864907,1.4036758130463878,Summer
68,lin_xgb_best_max_hour,2,169.40029914121567,2.4664326771421234,Summer
69,lin_xgb_best_max_hour,3,185.40164856597713,3.601419790151123,Summer
70,lin_xgb_best_max_hour,4,203.1849628785206,4.154053514977753,Summer
71,lin_xgb_best_max_hour,5,222.09495912419118,5.084632420590205,Summer
72,lin_xgb_best_max_hour,6,241.64126566970324,5.7961497079052755,Summer
73,lin_xgb_best_max_hour,7,260.40805923487676,6.2166525809151585,Summer
74,lin_xgb_best_max_hour,8,282.12294805233387,6.508873092947111,Summer
75,lin_xgb_best_max_hour,9,301.45812019525584,6.10683413988583,Summer
76,lin_xgb_best_max_hour,10,322.8283527902831,8.614986270370261,Summer
